Workbook

Sheet 二供-功耗折算表
C1: Measured Results
A3: Sub-Module | B3: Net- | C3: Vavg (V) | D3: Iavg (mA) | E3: Pavg (mW)
A5: PMIC | B5: VIO18_PMU_6319 | C5: =L15 -> 0 | D5: =_xlfn.IFNA(HLOOKUP(B5&"_I",'二供-测试数据'!$A$3:$ZZ$32,4,FALSE),0) -> -1 | E5: =_xlfn.IFNA(HLOOKUP(B5&"_P",'二供-测试数据'!$A$3:$ZZ$32,4,FALSE),0) -> 0
A6: MT6720 | B6: VSYS_CHG | C6: =_xlfn.IFNA(HLOOKUP(B6&"_V",'二供-测试数据'!$A$3:$ZZ$32,4,FALSE)/1000,0) -> 4.00375 | D6: =_xlfn.IFNA(HLOOKUP(B6&"_I",'二供-测试数据'!$A$3:$ZZ$32,4,FALSE),0) -> 54.5 | E6: =_xlfn.IFNA(HLOOKUP(B6&"_P",'二供-测试数据'!$A$3:$ZZ$32,4,FALSE),0) -> 0
A7: BOB | B7: VBB1_BOB | C7: =_xlfn.IFNA(HLOOKUP(B7&"_V",'二供-测试数据'!$A$3:$ZZ$32,4,FALSE)/1000,0) -> 3.5125 | D7: =_xlfn.IFNA(HLOOKUP(B7&"_I",'二供-测试数据'!$A$3:$ZZ$32,4,FALSE),0) -> 3.5 | E7: =_xlfn.IFNA(HLOOKUP(B7&"_P",'二供-测试数据'!$A$3:$ZZ$32,4,FALSE),0) -> 0
A8: SPK | B8: VSYS_SPK | C8: =_xlfn.IFNA(HLOOKUP(B8&"_V",'二供-测试数据'!$A$3:$ZZ$32,4,FALSE)/1000,0) -> 3.9975 | D8: =_xlfn.IFNA(HLOOKUP(B8&"_I",'二供-测试数据'!$A$3:$ZZ$32,4,FALSE),0) -> -1 | E8: =_xlfn.IFNA(HLOOKUP(B8&"_P",'二供-测试数据'!$A$3:$ZZ$32,4,FALSE),0) -> 0
A9: DDR | B9: EMI_VDDQ_DDR | C9: =_xlfn.IFNA(HLOOKUP(B9&"_V",'二供-测试数据'!$A$3:$ZZ$32,4,FALSE)/1000,0) -> 0.50125 | D9: =_xlfn.IFNA(HLOOKUP(B9&"_I",'二供-测试数据'!$A$3:$ZZ$32,4,FALSE),0) -> 2.5 | E9: =_xlfn.IFNA(HLOOKUP(B9&"_P",'二供-测试数据'!$A$3:$ZZ$32,4,FALSE),0) -> 0
A10: DDR | B10: EMI_VDD2L_DDR | C10: =_xlfn.IFNA(HLOOKUP(B10&"_V",'二供-测试数据'!$A$3:$ZZ$32,4,FALSE)/1000,0) -> 0.91 | D10: =_xlfn.IFNA(HLOOKUP(B10&"_I",'二供-测试数据'!$A$3:$ZZ$32,4,FALSE),0) -> 3.5 | E10: =_xlfn.IFNA(HLOOKUP(B10&"_P",'二供-测试数据'!$A$3:$ZZ$32,4,FALSE),0) -> 0
A11: DDR | B11: EMI_VDD1_DDR | C11: =_xlfn.IFNA(HLOOKUP(B11&"_V",'二供-测试数据'!$A$3:$ZZ$32,4,FALSE)/1000,0) -> 1.805 | D11: =_xlfn.IFNA(HLOOKUP(B11&"_I",'二供-测试数据'!$A$3:$ZZ$32,4,FALSE),0) -> 1.475 | E11: =_xlfn.IFNA(HLOOKUP(B11&"_P",'二供-测试数据'!$A$3:$ZZ$32,4,FALSE),0) -> 0
A12: UFS | B12: UFS_VCC_2V5_UFS | C12: =_xlfn.IFNA(HLOOKUP(B12&"_V",'二供-测试数据'!$A$3:$ZZ$32,4,FALSE)/1000,0) -> 0 | D12: =_xlfn.IFNA(HLOOKUP(B12&"_I",'二供-测试数据'!$A$3:$ZZ$32,4,FALSE),0) -> 0.125 | E12: =_xlfn.IFNA(HLOOKUP(B12&"_P",'二供-测试数据'!$A$3:$ZZ$32,4,FALSE),0) -> 0
A13: UFS | B13: VUFS12_PMU | C13: =_xlfn.IFNA(HLOOKUP(B13&"_V",'二供-测试数据'!$A$3:$ZZ$32,4,FALSE)/1000,0) -> 1.19875 | D13: =_xlfn.IFNA(HLOOKUP(B13&"_I",'二供-测试数据'!$A$3:$ZZ$32,4,FALSE),0) -> 0.375 | E13: =_xlfn.IFNA(HLOOKUP(B13&"_P",'二供-测试数据'!$A$3:$ZZ$32,4,FALSE),0) -> 0
A14: MT6685 | B14: VIO18_PMU_6685 | C14: =_xlfn.IFNA(HLOOKUP(B14&"_V",'二供-测试数据'!$A$3:$ZZ$32,4,FALSE)/1000,0) -> 1.81875 | D14: =_xlfn.IFNA(HLOOKUP(B14&"_I",'二供-测试数据'!$A$3:$ZZ$32,4,FALSE),0) -> 3.5 | E14: =_xlfn.IFNA(HLOOKUP(B14&"_P",'二供-测试数据'!$A$3:$ZZ$32,4,FALSE),0) -> 0
A15: MT6685 | B15: VSYS_6685 | C15: =_xlfn.IFNA(HLOOKUP(B15&"_V",'二供-测试数据'!$A$3:$ZZ$32,4,FALSE)/1000,0) -> 4.00375 | D15: =_xlfn.IFNA(HLOOKUP(B15&"_I",'二供-测试数据'!$A$3:$ZZ$32,4,FALSE),0) -> 2.5 | E15: =_xlfn.IFNA(HLOOKUP(B15&"_P",'二供-测试数据'!$A$3:$ZZ$32,4,FALSE),0) -> 0
A16: SPK | B16: VIO18_PMU_SPK | C16: =_xlfn.IFNA(HLOOKUP(B16&"_V",'二供-测试数据'!$A$3:$ZZ$32,4,FALSE)/1000,0) -> 0 | D16: =_xlfn.IFNA(HLOOKUP(B16&"_I",'二供-测试数据'!$A$3:$ZZ$32,4,FALSE),0) -> 0 | E16: =_xlfn.IFNA(HLOOKUP(B16&"_P",'二供-测试数据'!$A$3:$ZZ$32,4,FALSE),0) -> 0
A17: REV | B17: VIO18_PMU_REV | C17: =_xlfn.IFNA(HLOOKUP(B17&"_V",'二供-测试数据'!$A$3:$ZZ$32,4,FALSE)/1000,0) -> 0 | D17: =_xlfn.IFNA(HLOOKUP(B17&"_I",'二供-测试数据'!$A$3:$ZZ$32,4,FALSE),0) -> 0 | E17: =_xlfn.IFNA(HLOOKUP(B17&"_P",'二供-测试数据'!$A$3:$ZZ$32,4,FALSE),0) -> 0
... A128: WCN | B128: AVDD33_WBT_WCN | C128: =_xlfn.IFNA(HLOOKUP(B128&"_V",'二供-测试数据'!$A$3:$ZZ$32,4,FALSE)/1000,0) -> 0 | D128: =_xlfn.IFNA(HLOOKUP(B128&"_I",'二供-测试数据'!$A$3:$ZZ$32,4,FALSE),0) -> 0 | E128: =_xlfn.IFNA(HLOOKUP(B128&"_P",'二供-测试数据'!$A$3:$ZZ$32,4,FALSE),0) -> 0

Sheet 二供-测试数据
A1: 07/28/26 15:37:11 | B1: Start Time: | C1: 1.7852242e+09 | D1: Duration: | E1: 72.4845 | F1: Time Precision: | G1: 4 | H1: Time Adjustment: | I1: 0 | J1: Target Size: | K1: 100
A3: Time Offset | B3: AVDD_I | C3: AVDD_P | D3: AVDD_V | E3: CAM_AFVDD2_2V8_I | F3: CAM_AFVDD2_2V8_P | G3: CAM_AFVDD2_2V8_V | H3: CH15_SPM_I | I3: CH15_SPM_P | J3: CH15_SPM_V | K3: CH23_SPM_I | L3: CH23_SPM_P | M3: CH23_SPM_V | N3: ELVDD_I | O3: ELVDD_P | P3: ELVDD_V | Q3: EMI_VDD1_DDR_I | R3: EMI_VDD1_DDR_P | S3: EMI_VDD1_DDR_V | T3: EMI_VDD2H_DDR_I | U3: EMI_VDD2H_DDR_P | V3: EMI_VDD2H_DDR_V | W3: EMI_VDD2L_DDR_I | X3: EMI_VDD2L_DDR_P | Y3: EMI_VDD2L_DDR_V | Z3: EMI_VDDQ_DDR_I | AA3: EMI_VDDQ_DDR_P | AB3: EMI_VDDQ_DDR_V | AC3: FCAM_AVDD_2P8_I | AD3: FCAM_AVDD_2P8_P | AE3: FCAM_AVDD_2P8_V | AF3: FCAM_DVDD_1P05_I | AG3: FCAM_DVDD_1P05_P | AH3: FCAM_DVDD_1P05_V | AI3: FCAM_VCAMIO_I | AJ3: FCAM_VCAMIO_P | AK3: FCAM_VCAMIO_V | AL3: MCAM_AVDD_2P8_I | AM3: MCAM_AVDD_2P8_P | AN3: MCAM_AVDD_2P8_V | AO3: MCAM_DVDD_1V1_I | AP3: MCAM_DVDD_1V1_P | AQ3: MCAM_DVDD_1V1_V | AR3: OLED_DVDD_I | AS3: OLED_DVDD_P | AT3: OLED_DVDD_V | AU3: OLED_VCI_I | AV3: OLED_VCI_P | AW3: OLED_VCI_V | AX3: OLED_VDDI_I | AY3: OLED_VDDI_P | AZ3: OLED_VDDI_V | BA3: SAR_VDD_1P8_I | BB3: SAR_VDD_1P8_P | BC3: SAR_VDD_1P8_V | BD3: System Messages | BF3: TSP_IO_CON_I | BG3: TSP_IO_CON_P | BH3: TSP_IO_CON_V | BI3: UFS_VCC_2V5_UFS_I | BJ3: UFS_VCC_2V5_UFS_P | BK3: UFS_VCC_2V5_UFS_V | BL3: VBB1_BOB_I | BM3: VBB1_BOB_P | BN3: VBB1_BOB_V | BO3: VCAMIO_I | BP3: VCAMIO_P | BQ3: VCAMIO_V | BR3: VCAMIO_WIDE_I | BS3: VCAMIO_WIDE_P | BT3: VCAMIO_WIDE_V | BU3: VIO18_PMU_6319_I | BV3: VIO18_PMU_6319_P | BW3: VIO18_PMU_6319_V | BX3: VIO18_PMU_6685_I | BY3: VIO18_PMU_6685_P | BZ3: VIO18_PMU_6685_V | CA3: VIO18_PMU_A_G_I | CB3: VIO18_PMU_A_G_P | CC3: VIO18_PMU_A_G_V | CD3: VIO18_PMU_FLICKER_I | CE3: VIO18_PMU_FLICKER_P | CF3: VIO18_PMU_FLICKER_V | CG3: VIO18_PMU_HAC_I | CH3: VIO18_PMU_HAC_P | CI3: VIO18_PMU_HAC_V | CJ3: VIO18_PMU_M_I | CK3: VIO18_PMU_M_P | CL3: VIO18_PMU_M_V | CM3: VIO18_PMU_PL_I | CN3: VIO18_PMU_PL_P | CO3: VIO18_PMU_PL_V | CP3: VIO18_PMU_REV_I | CQ3: VIO18_PMU_REV_P | CR3: VIO18_PMU_REV_V | CS3: VIO18_PMU_SPK_I | CT3: VIO18_PMU_SPK_P | CU3: VIO18_PMU_SPK_V | CV3: VLEDA_PL_I | CW3: VLEDA_PL_P | CX3: VLEDA_PL_V | CY3: VSYS_6685_I | CZ3: VSYS_6685_P | DA3: VSYS_6685_V | DB3: VSYS_AVDD_I | DC3: VSYS_AVDD_P | DD3: VSYS_AVDD_V | DE3: VSYS_CHG_I | DF3: VSYS_CHG_P | DG3: VSYS_CHG_V | DH3: VSYS_DVE_I | DI3: VSYS_DVE_P | DJ3: VSYS_DVE_V | DK3: VSYS_ELVDD_I | DL3: VSYS_ELVDD_P | DM3: VSYS_ELVDD_V | DN3: VSYS_FLASH_I | DO3: VSYS_FLASH_P | DP3: VSYS_FLASH_V | DQ3: VSYS_HAC_I | DR3: VSYS_HAC_P | DS3: VSYS_HAC_V | DT3: VSYS_PVIN_I | DU3: VSYS_PVIN_P | DV3: VSYS_PVIN_V | DW3: VSYS_REV_I | DX3: VSYS_REV_P | DY3: VSYS_REV_V | DZ3: VSYS_SPK_I | EA3: VSYS_SPK_P | EB3: VSYS_SPK_V | EC3: VSYS_VIB_I | ED3: VSYS_VIB_P | EE3: VSYS_VIB_V | EF3: VTP_PMU_I | EG3: VTP_PMU_P | EH3: VTP_PMU_V | EI3: VUFS12_PMU_I | EJ3: VUFS12_PMU_P | EK3: VUFS12_PMU_V | EL3: WCAM_AVDD_2P8_I | EM3: WCAM_AVDD_2P8_P | EN3: WCAM_AVDD_2P8_V | EO3: WIDE_DVDD_1P2_I | EP3: WIDE_DVDD_1P2_P | EQ3: WIDE_DVDD_1P2_V
B5: EPM332.0 | C5: EPM332.0P | D5: EPM333.0 | E5: EPM304.0 | F5: EPM304.0P | G5: EPM305.0 | H5: EPM358.0 | I5: EPM358.0P | J5: EPM359.0 | K5: EPM362.0 | L5: EPM362.0P | M5: EPM363.0 | N5: EPM268.0 | O5: EPM268.0P | P5: EPM269.0 | Q5: EPM322.0 | R5: EPM322.0P | S5: EPM323.0 | T5: EPM300.0 | U5: EPM300.0P | V5: EPM301.0 | W5: EPM290.0 | X5: EPM290.0P | Y5: EPM291.0 | Z5: EPM258.0 | AA5: EPM258.0P | AB5: EPM259.0 | AC5: EPM306.0 | AD5: EPM306.0P | AE5: EPM307.0 | AF5: EPM370.0 | AG5: EPM370.0P | AH5: EPM371.0 | AI5: EPM338.0 | AJ5: EPM338.0P | AK5: EPM339.0 | AL5: EPM334.0 | AM5: EPM334.0P | AN5: EPM335.0 | AO5: EPM272.0 | AP5: EPM272.0P | AQ5: EPM273.0 | AR5: EPM302.0 | AS5: EPM302.0P | AT5: EPM303.0 | AU5: EPM364.0 | AV5: EPM364.0P | AW5: EPM365.0 | AX5: EPM270.0 | AY5: EPM270.0P | AZ5: EPM271.0 | BA5: EPM372.0 | BB5: EPM372.0P | BC5: EPM373.0 | BD5: serverMessages | BF5: EPM264.0 | BG5: EPM264.0P | BH5: EPM265.0 | BI5: EPM354.0 | BJ5: EPM354.0P | BK5: EPM355.0 | BL5: EPM320.0 | BM5: EPM320.0P | BN5: EPM321.0 | BO5: EPM366.0 | BP5: EPM366.0P | BQ5: EPM367.0 | BR5: EPM368.0 | BS5: EPM368.0P | BT5: EPM369.0 | BU5: EPM256.0 | BV5: EPM256.0P | BW5: EPM257.0 | BX5: EPM292.0 | BY5: EPM292.0P | BZ5: EPM293.0 | CA5: EPM278.0 | CB5: EPM278.0P | CC5: EPM279.0 | CD5: EPM374.0 | CE5: EPM374.0P | CF5: EPM375.0 | CG5: EPM326.0 | CH5: EPM326.0P | CI5: EPM327.0 | CJ5: EPM340.0 | CK5: EPM340.0P | CL5: EPM341.0 | CM5: EPM310.0 | CN5: EPM310.0P | CO5: EPM311.0 | CP5: EPM262.0 | CQ5: EPM262.0P | CR5: EPM263.0 | CS5: EPM356.0 | CT5: EPM356.0P | CU5: EPM357.0 | CV5: EPM342.0 | CW5: EPM342.0P | CX5: EPM343.0 | CY5: EPM324.0 | CZ5: EPM324.0P | DA5: EPM325.0 | DB5: EPM298.0 | DC5: EPM298.0P | DD5: EPM299.0 | DE5: EPM288.0 | DF5: EPM288.0P | DG5: EPM289.0 | DH5: EPM330.0 | DI5: EPM330.0P | DJ5: EPM331.0 | DK5: EPM360.0 | DL5: EPM360.0P | DM5: EPM361.0 | DN5: EPM276.0 | DO5: EPM276.0P | DP5: EPM277.0 | DQ5: EPM296.0 | DR5: EPM296.0P | DS5: EPM297.0 | DT5: EPM266.0 | DU5: EPM266.0P | DV5: EPM267.0 | DW5: EPM294.0 | DX5: EPM294.0P | DY5: EPM295.0 | DZ5: EPM352.0 | EA5: EPM352.0P | EB5: EPM353.0 | EC5: EPM308.0 | ED5: EPM308.0P | EE5: EPM309.0 | EF5: EPM328.0 | EG5: EPM328.0P | EH5: EPM329.0 | EI5: EPM260.0 | EJ5: EPM260.0P | EK5: EPM261.0 | EL5: EPM274.0 | EM5: EPM274.0P | EN5: EPM275.0 | EO5: EPM336.0 | EP5: EPM336.0P | EQ5: EPM337.0
A6: 1.2532 | B6: 3.9 | D6: 7398.75 | E6: 0.05 | G6: 0 | H6: -0.125 | J6: 2.5 | K6: -0.05 | M6: 0 | N6: 8.05 | P6: 4605 | Q6: 1.475 | S6: 1805 | T6: 0.55 | V6: 1061.25 | W6: 3.5 | Y6: 910 | Z6: 2.5 | AB6: 501.25 | AC6: 0.125 | AE6: 0 | AF6: 0.125 | AH6: 0 | AI6: 0 | AK6: 1822.5 | AL6: 0 | AN6: 0 | AO6: 0 | AQ6: 0 | AR6: 13.675 | AT6: 1298.75 | AU6: 0.175 | AW6: 2997.5 | AX6: 3.35 | AZ6: 1798.75 | BA6: 0 | BC6: 1815 | BF6: 0.175 | BH6: 1810 | BI6: 0.125 | BK6: 0 | BL6: 3.5 | BN6: 3512.5 | BO6: 0 | BQ6: 1832.5 | BR6: -0.05 | BT6: 1822.5 | BU6: -1 | BW6: 1818.75 | BX6: 3.5 | BZ6: 1818.75 | CA6: 0.25 | CC6: 1813.75 | CD6: 537.7 | CF6: 1762.5 | CG6: -1 | CI6: 1822.5 | CJ6: 0.05 | CL6: 1821.25 | CM6: 0.25 | CO6: 1816.25 | CP6: 0.125 | CR6: 1816.25 | CS6: -1 | CU6: 1817.5 | CV6: -0.05 | CX6: 3311.25 | CY6: 2.5 | DA6: 4003.75 | DB6: 7.6 | DD6: 4002.5 | DE6: 54.5 | DG6: 4003.75 | DH6: 1 | DJ6: 3997.5 | DK6: 11 | DM6: 4000 | DN6: -0.175 | DP6: 3997.5 | DQ6: -1 | DS6: 4003.75 | DT6: 2.85 | DV6: 3998.75 | DW6: 1 | DY6: 3998.75 | DZ6: -1 | EB6: 3997.5 | EC6: 0 | EE6: 4002.5 | EF6: 0.125 | EH6: 3315 | EI6: 0.375 | EK6: 1198.75 | EL6: 0.05 | EN6: 0 | EO6: 0 | EQ6: 2.5
A7: 1.3492 | B7: 16.005 | C7: 118.337 | D7: 7393.75 | E7: -0.02 | F7: 0 | G7: 1.375 | H7: -0.0275 | I7: 0 | J7: 1.625 | K7: 0.0125 | L7: 0 | M7: 0.625 | N7: 8.025 | O7: 36.922 | P7: 4600.875 | Q7: 3.305 | R7: 5.9597 | S7: 1803.25 | T7: 10.965 | U7: 11.616 | V7: 1059.375 | W7: 2.85 | X7: 2.6273 | Y7: 921.875 | Z7: 1.2 | AA7: 0.6045 | AB7: 503.75 | AC7: -0.0025 | AD7: 0 | AE7: 0.5 | AF7: -0.0175 | AG7: 0 | AH7: 1 | AI7: 0.0125 | AJ7: 0.0228 | AK7: 1821.625 | AL7: 0.02 | AM7: 0 | AN7: 0 | AO7: 0.15 | AP7: 0.0003 | AQ7: 1.75 | AR7: 53.6525 | AS7: 69.1715 | AT7: 1289.25 | AU7: 0.09 | AV7: 0.269 | AW7: 2989.375 | AX7: 7.9325 | AY7: 14.2914 | AZ7: 1801.625 | BA7: 0 | BB7: 0 | BC7: 1818.25 | BF7: 1.4575 | BG7: 2.6328 | BH7: 1806.375 | BI7: 0.0025 | BJ7: 0 | BK7: 2.375 | BL7: 4.1 | BM7: 14.4028 | BN7: 3512.875 | BO7: 0.0825 | BP7: 0.1503 | BQ7: 1822 | BR7: -0.0025 | BS7: -0.0046 | BT7: 1820.25 | BU7: 0.1 | BV7: 0.1819 | BW7: 1818.75 | BX7: 2.15 | BY7: 3.9157 | BZ7: 1821.25 | CA7: 0.1775 | CB7: 0.3233 | CC7: 1821.625 | CD7: 538.415 | CE7: 949.6295 | CF7: 1763.75 | CG7: 0.1 | CH7: 0.1824 | CI7: 1823.625 | CJ7: 0.0275 | CK7: 0.05 | CL7: 1817.875 | CM7: 0.1925 | CN7: 0.3502 | CO7: 1819 | CP7: 0.0075 | CQ7: 0.0136 | CR7: 1818.875 | CS7: -0.2 | CT7: -0.3639 | CU7: 1819.625 | CV7: 0.055 | CW7: 0.181 | CX7: 3291.25 | CY7: 0.45 | CZ7: 1.7948 | DA7: 3988.5 | DB7: 29.875 | DC7: 119.078 | DD7: 3985.875 | DE7: 113.5 | DF7: 453.2764 | DG7: 3993.625 | DH7: 0.94 | DI7: 3.7492 | DJ7: 3988.5 | DK7: 10.725 | DL7: 42.778 | DM7: 3988.625 | DN7: 0.0475 | DO7: 0.1896 | DP7: 3990.75 | DQ7: -0.5 | DR7: -1.9946 | DS7: 3989.25 | DT7: 2.98 | DU7: 11.885 | DV7: 3988.25 | DW7: 0.3 | DX7: 1.1975 | DY7: 3991.625 | DZ7: 1.25 | EA7: 4.9873 | EB7: 3989.875 | EC7: 0.0825 | ED7: 0.3293 | EE7: 3991.5 | EF7: 3.2925 | EG7: 10.9031 | EH7: 3311.5 | EI7: 0.3725 | EJ7: 0.4465 | EK7: 1198.75 | EL7: -0.015 | EM7: 0 | EN7: 0.75 | EO7: -0.0175 | EP7: 0 | EQ7: 0.25
A8: 1.4452 | B8: 15.325 | C8: 113.3399 | D8: 7395.75 | E8: 0.0175 | F8: 0 | G8: 1 | H8: -0.0275 | I8: 0 | J8: 1.375 | K8: -0.0275 | L8: 0 | M8: 1 | N8: 8 | O8: 36.831 | P8: 4603.875 | Q8: 3.4375 | R8: 6.1939 | S8: 1801.875 | T8: 13.76 | U8: 14.5409 | V8: 1056.75 | W8: 4.6 | X8: 4.2263 | Y8: 918.75 | Z8: 1.25 | AA8: 0.6278 | AB8: 502.25 | AC8: 0.0125 | AD8: 0 | AE8: 0.875 | AF8: -0.0125 | AG8: 0 | AH8: 1 | AI8: 0.015 | AJ8: 0.0273 | AK8: 1821.125 | AL8: -0.02 | AM8: 0 | AN8: 1.25 | AO8: -0.15 | AP8: -0.0001 | AQ8: 1 | AR8: 53.94 | AS8: 69.6163 | AT8: 1290.625 | AU8: 0.1275 | AV8: 0.3814 | AW8: 2991.375 | AX8: 7.93 | AY8: 14.3057 | AZ8: 1804 | BA8: 0.005 | BB8: 0.0091 | BC8: 1816.375 | BF8: 0.845 | BG8: 1.526 | BH8: 1805.875 | BI8: -0.025 | BJ8: 0 | BK8: 0.75 | BL8: 6.65 | BM8: 23.334 | BN8: 3508.875 | BO8: 0.04 | BP8: 0.0728 | BQ8: 1820.375 | BR8: 0 | BS8: 0 | BT8: 1820.5 | BU8: -0.8 | BV8: -1.4567 | BW8: 1820.875 | BX8: 2.55 | BY8: 4.64 | BZ8: 1819.625 | CA8: 0.175 | CB8: 0.3186 | CC8: 1820.5 | CD8: 538.255 | CE8: 948.8763 | CF8: 1762.875 | CG8: -0.1 | CH8: -0.1821 | CI8: 1821.375 | CJ8: 0.005 | CK8: 0.0091 | CL8: 1818.5 | CM8: 0.18 | CN8: 0.3275 | CO8: 1819.375 | CP8: -0.0025 | CQ8: -0.0045 | CR8: 1820 | CS8: 0 | CT8: 0 | CU8: 1821.5 | CV8: 0 | CW8: 0 | CX8: 3292.375 | CY8: 1.1 | CZ8: 4.3887 | DA8: 3989.75 | DB8: 30.3525 | DC8: 120.9964 | DD8: 3986.375 | DE8: 117.9 | DF8: 470.48 | DG8: 3990.5 | DH8: 0.925 | DI8: 3.6887 | DJ8: 3987.75 | DK8: 10.81 | DL8: 43.1278 | DM8: 3989.625 | DN8: 0.02 | DO8: 0.0798 | DP8: 3989.375 | DQ8: -0.3 | DR8: -1.197 | DS8: 3990 | DT8: 2.7375 | DU8: 10.9096 | DV8: 3985.25 | DW8: 0.95 | DX8: 3.7909 | DY8: 3990.375 | DZ8: 1.2 | EA8: 4.7886 | EB8: 3990.5 | EC8: 0.07 | ED8: 0.2794 | EE8: 3990.875 | EF8: 0.2625 | EG8: 0.8693 | EH8: 3311.75 | EI8: 0.32 | EJ8: 0.3848 | EK8: 1202.625 | EL8: -0.0075 | EM8: 0 | EN8: 0.875 | EO8: -0.0175 | EP8: 0 | EQ8: 2.25
A9: 1.5412 | B9: 15.38 | C9: 113.7197 | D9: 7394 | E9: 0 | F9: 0 | G9: 1.375 | H9: -0.0225 | I9: -0.0001 | J9: 2.25 | K9: -0.0475 | L9: -0.0001 | M9: 2.125 | N9: 7.9425 | O9: 36.5891 | P9: 4606.75 | Q9: 3.175 | R9: 5.7273 | S9: 1803.875 | T9: 11.49 | U9: 12.1579 | V9: 1058.125 | W9: 3.2 | X9: 2.9436 | Y9: 919.875 | Z9: 1.35 | AA9: 0.6785 | AB9: 502.625 | AC9: -0.0275 | AD9: 0 | AE9: 1.75 | AF9: -0.01 | AG9: 0 | AH9: 1 | AI9: -0.015 | AJ9: -0.0273 | AK9: 1821.75 | AL9: 0.005 | AM9: 0 | AN9: 0.5 | AO9: -0.05 | AP9: -0.0001 | AQ9: 1 | AR9: 51.725 | AS9: 66.8222 | AT9: 1291.875 | AU9: 0.13 | AV9: 0.389 | AW9: 2992.5 | AX9: 7.8875 | AY9: 14.2143 | AZ9: 1802.125 | BA9: 0.0275 | BB9: 0.05 | BC9: 1817.875 | BF9: 1.96 | BG9: 3.5393 | BH9: 1805.75 | BI9: 0.0025 | BJ9: 0 | BK9: 2.625 | BL9: 6 | BM9: 21.0555 | BN9: 3509.25 | BO9: 0.0575 | BP9: 0.1048 | BQ9: 1821.875 | BR9: 0.025 | BS9: 0.0455 | BT9: 1821.5 | BU9: -0.05 | BV9: -0.0909 | BW9: 1818.75 | BX9: 1.7 | BY9: 3.0944 | BZ9: 1820.25 | CA9: 0.1725 | CB9: 0.314 | CC9: 1820 | CD9: 538.575 | CE9: 949.2384 | CF9: 1762.5 | CG9: -0.3 | CH9: -0.5463 | CI9: 1820.875 | CJ9: 0.0175 | CK9: 0.0319 | CL9: 1820.375 | CM9: 0.0875 | CN9: 0.1591 | CO9: 1818.375 | CP9: -0.0075 | CQ9: -0.0137 | CR9: 1821.625 | CS9: 0.8 | CT9: 1.455 | CU9: 1818.75 | CV9: 0.04 | CW9: 0.1316 | CX9: 3289 | CY9: 1.05 | CZ9: 4.1873 | DA9: 3987.875 | DB9: 31.5 | DC9: 125.6574 | DD9: 3989.125 | DE9: 112.15 | DF9: 447.6187 | DG9: 3991.25 | DH9: 0.98 | DI9: 3.9096 | DJ9: 3989.375 | DK9: 10.8225 | DL9: 43.1493 | DM9: 3987 | DN9: 0.1025 | DO9: 0.4092 | DP9: 3992.25 | DQ9: 0 | DR9: 0 | DS9: 3990 | DT9: 2.885 | DU9: 11.5061 | DV9: 3988.25 | DW9: 0.4 | DX9: 1.5964 | DY9: 3990.875 | DZ9: 1.2 | EA9: 4.788 | EB9: 3990 | EC9: 0.025 | ED9: 0.0998 | EE9: 3991.5 | EF9: 0.2675 | EG9: 0.8858 | EH9: 3311.25 | EI9: 0.3125 | EJ9: 0.3746 | EK9: 1198.625 | EL9: -0.01 | EM9: 0 | EN9: 1.375 | EO9: -0.0125 | EP9: 0 | EQ9: 1.375
A10: 1.6372 | B10: 13.18 | C10: 97.4677 | D10: 7395.125 | E10: 0.0125 | F10: 0 | G10: 2.5 | H10: -0.01 | I10: 0 | J10: 2 | K10: 0.02 | L10: 0 | M10: 1.375 | N10: 7.995 | O10: 36.8 | P10: 4602.875 | Q10: 2.92 | R10: 5.2626 | S10: 1802.25 | T10: 8.4475 | U10: 8.9353 | V10: 1057.75 | W10: 2.8 | X10: 2.5767 | Y10: 920.25 | Z10: 1.55 | AA10: 0.7818 | AB10: 504.375 | AC10: -0.025 | AD10: 0 | AE10: 1.25 | AF10: 0.01 | AG10: 0 | AH10: 1.5 | AI10: 0.0275 | AJ10: 0.05 | AK10: 1819.25 | AL10: -0.01 | AM10: 0 | AN10: 1.25 | AO10: 0.35 | AP10: 0.0004 | AQ10: 1.125 | AR10: 47.8925 | AS10: 61.913 | AT10: 1292.75 | AU10: 0.0775 | AV10: 0.2319 | AW10: 2992.625 | AX10: 7.0375 | AY10: 12.6675 | AZ10: 1800 | BA10: 0.01 | BB10: 0.0182 | BC10: 1818.25 | BF10: 1.4125 | BG10: 2.5506 | BH10: 1805.75 | BI10: -0.0125 | BJ10: 0 | BK10: 0.5 | BL10: 3.35 | BM10: 11.7602 | BN10: 3510.5 | BO10: 0.0425 | BP10: 0.0774 | BQ10: 1822 | BR10: 0.0475 | BS10: 0.0865 | BT10: 1821.5 | BU10: -0.2 | BV10: -0.364 | BW10: 1820.125 | BX10: 1.8 | BY10: 3.2778 | BZ10: 1821 | CA10: 0.195 | CB10: 0.3545 | CC10: 1817.875 | CD10: 538.5375 | CE10: 949.3743 | CF10: 1762.875 | CG10: 0.15 | CH10: 0.2732 | CI10: 1821.25 | CJ10: 0.0225 | CK10: 0.0409 | CL10: 1819.375 | CM10: 0.18 | CN10: 0.3272 | CO10: 1817.625 | CP10: 0.0475 | CQ10: 0.0866 | CR10: 1823.75 | CS10: 0.8 | CT10: 1.455 | CU10: 1818.75 | CV10: 0.06 | CW10: 0.1975 | CX10: 3291.625 | CY10: 1.15 | CZ10: 4.5907 | DA10: 3991.875 | DB10: 25.5575 | DC10: 101.9776 | DD10: 3990.125 | DE10: 103.45 | DF10: 413.1793 | DG10: 3994 | DH10: 0.9475 | DI10: 3.7811 | DJ10: 3990.625 | DK10: 10.8175 | DL10: 43.1767 | DM10: 3991.375 | DN10: -0.0325 | DO10: -0.1297 | DP10: 3990.75 | DQ10: -0.1 | DR10: -0.3991 | DS10: 3991 | DT10: 3.1475 | DU10: 12.5558 | DV10: 3989.125 | DW10: 0.1 | DX10: 0.399 | DY10: 3990.375 | DZ10: 0.6 | EA10: 2.3948 | EB10: 3991.25 | EC10: 0.0675 | ED10: 0.2695 | EE10: 3993 | EF10: 0.515 | EG10: 1.705 | EH10: 3310.625 | EI10: 0.3475 | EJ10: 0.417 | EK10: 1200 | EL10: 0.01 | EM10: 0 | EN10: 1.75 | EO10: -0.01 | EP10: 0 | EQ10: 1.125
A11: 1.7332 | B11: 15.4575 | D11: 7392.375 | E11: 0.0175 | G11: 1.375 | H11: 0.02 | J11: 0.75 | K11: -0.0475 | M11: 1.125 | N11: 7.9475 | P11: 4603.625 | Q11: 3.4 | S11: 1802 | T11: 11.89 | V11: 1056.5 | W11: 3.1 | Y11: 921.125 | Z11: 0.3 | AB11: 501.75 | AC11: 0.0125 | AE11: 1.75 | AF11: 0.03 | AH11: 0.25 | AI11: 0.0425 | AK11: 1820.375 | AL11: -0.0075 | AN11: 1.25 | AO11: -0.25 | AQ11: 2.25 | AR11: 53.4225 | AT11: 1292.25 | AU11: 0.12 | AW11: 2992.75 | AX11: 7.845 | AZ11: 1800.25 | BA11: 0.035 | BC11: 1817.375 | BF11: 1.885 | BH11: 1805.5 | BI11: 0.0125 | BK11: 0.75 | BL11: 8.2 | BN11: 3508.75 | BO11: 0.0275 | BQ11: 1821.125 | BR11: -0.01 | BT11: 1820 | BU11: 1.15 | BW11: 1818.125 | BX11: 1.6 | BZ11: 1819.375 | CA11: 0.1875 | CC11: 1820.375 | CD11: 538.595 | CF11: 1765.5 | CG11: -0.25 | CI11: 1817.25 | CJ11: -0.02 | CL11: 1818.25 | CM11: 0.11 | CO11: 1817.875 | CP11: 0.02 | CR11: 1817.25 | CS11: 0.55 | CU11: 1819.5 | CV11: 0.01 | CX11: 3292 | CY11: 0.85 | DA11: 3988.75 | DB11: 30.4575 | DD11: 3985.625 | DE11: 114 | DG11: 3991.625 | DH11: 0.9375 | DJ11: 3989.5 | DK11: 10.805 | DM11: 3988.5 | DN11: 0.0525 | DP11: 3990.625 | DQ11: -0.45 | DS11: 3989.5 | DT11: 2.715 | DV11: 3988 | DW11: 0.25 | DY11: 3991.5 | DZ11: 0.8 | EB11: 3989.5 | EC11: 0.045 | EE11: 3991.25 | EF11: 0.32 | EH11: 3312.625 | EI11: 0.4475 | EK11: 1201 | EL11: -0.03 | EN11: 1 | EO11: 0.0075 | EQ11: 0.5
A12: 1.8292 | B12: 15.24 | C12: 112.6808 | D12: 7393.75 | E12: 0.0075 | F12: 0 | G12: 1.625 | H12: -0.025 | I12: -0.0001 | J12: 2 | K12: 0.0375 | L12: 0.0001 | M12: 1.625 | N12: 8 | O12: 36.833 | P12: 4604.125 | Q12: 3.11 | R12: 5.6104 | S12: 1804 | T12: 9.5375 | U12: 10.0788 | V12: 1056.75 | W12: 3.6 | X12: 3.3098 | Y12: 919.375 | Z12: 1.4 | AA12: 0.7047 | AB12: 503.375 | AC12: 0 | AD12: 0 | AE12: 1.25 | AF12: 0.0175 | AG12: 0 | AH12: 1.625 | AI12: 0.0225 | AJ12: 0.041 | AK12: 1821.25 | AL12: -0.0125 | AM12: 0 | AN12: 0.875 | AO12: 0.95 | AP12: 0.0011 | AQ12: 1.125 | AR12: 56.0325 | AS12: 72.1629 | AT12: 1287.875 | AU12: 0.09 | AV12: 0.2693 | AW12: 2992.75 | AX12: 7.8225 | AY12: 14.0981 | AZ12: 1802.25 | BA12: 0.0425 | BB12: 0.0773 | BC12: 1817.75 | BF12: 0.36 | BG12: 0.6498 | BH12: 1804.875 | BI12: -0.0325 | BJ12: 0 | BK12: 1.375 | BL12: 11 | BM12: 38.6183 | BN12: 3510.75 | BO12: 0.0725 | BP12: 0.132 | BQ12: 1820.125 | BR12: 0.0075 | BS12: 0.0136 | BT12: 1819.75 | BU12: 0.2 | BV12: 0.3638 | BW12: 1818.75 | BX12: 1.95 | BY12: 3.5517 | BZ12: 1821.375 | CA12: 0.1625 | CB12: 0.296 | CC12: 1821.375 | CD12: 538.195 | CE12: 948.7705 | CF12: 1762.875 | CG12: 0.05 | CH12: 0.091 | CI12: 1820.375 | CJ12: -0.0275 | CK12: -0.05 | CL12: 1817.625 | CM12: 0.1725 | CN12: 0.3134 | CO12: 1817 | CP12: 0.035 | CQ12: 0.0637 | CR12: 1819.5 | CS12: 0.35 | CT12: 0.6367 | CU12: 1819.125 | CV12: 0.03 | CW12: 0.0989 | CX12: 3295.125 | CY12: 0.3 | CZ12: 1.1971 | DA12: 3990.25 | DB12: 30.2 | DC12: 120.4074 | DD12: 3987 | DE12: 111.85 | DF12: 446.3514 | DG12: 3990.625 | DH12: 0.9625 | DI12: 3.841 | DJ12: 3990.625 | DK12: 10.7 | DL12: 42.6984 | DM12: 3990.5 | DN12: 0.11 | DO12: 0.439 | DP12: 3990.75 | DQ12: -0.75 | DR12: -2.9934 | DS12: 3991.25 | DT12: 2.895 | DU12: 11.5416 | DV12: 3986.75 | DW12: 0.65 | DX12: 2.5942 | DY12: 3991 | DZ12: 1.55 | EA12: 6.1829 | EB12: 3989 | EC12: 0.065 | ED12: 0.2594 | EE12: 3991.5 | EF12: 0.25 | EG12: 0.8281 | EH12: 3312.5 | EI12: 0.3075 | EJ12: 0.3692 | EK12: 1200.625 | EL12: -0.0075 | EM12: 0 | EN12: 1.625 | EO12: -0.02 | EP12: 0 | EQ12: 1.625
A13: 1.9252 | B13: 15.375 | C13: 113.7077 | D13: 7395.625 | E13: 0 | F13: 0 | G13: 2.375 | H13: 0.01 | I13: 0 | J13: 0.625 | K13: -0.0225 | L13: 0 | M13: 1.125 | N13: 7.995 | O13: 36.806 | P13: 4603.625 | Q13: 3.3775 | R13: 6.0884 | S13: 1802.625 | T13: 11.7025 | U13: 12.3827 | V13: 1058.125 | W13: 1.7 | X13: 1.5661 | Y13: 921.25 | Z13: 1.35 | AA13: 0.677 | AB13: 501.5 | AC13: -0.01 | AD13: 0 | AE13: 1 | AF13: -0.0075 | AG13: 0 | AH13: 0 | AI13: 0.025 | AJ13: 0.0455 | AK13: 1821.625 | AL13: 0.005 | AM13: 0 | AN13: 1.125 | AO13: -0.1 | AP13: -0.0001 | AQ13: 1 | AR13: 53.8 | AS13: 69.4894 | AT13: 1291.625 | AU13: 0.0725 | AV13: 0.2169 | AW13: 2991.375 | AX13: 7.9375 | AY13: 14.3024 | AZ13: 1801.875 | BA13: 0.0225 | BB13: 0.0409 | BC13: 1819.125 | BF13: 1.895 | BG13: 3.4209 | BH13: 1805.25 | BI13: -0.005 | BJ13: -0.0013 | BK13: 256.875 | BL13: 4.25 | BM13: 14.9159 | BN13: 3509.625 | BO13: 0.08 | BP13: 0.1456 | BQ13: 1820.375 | BR13: 0.035 | BS13: 0.0636 | BT13: 1817.875 | BU13: -0.15 | BV13: -0.2728 | BW13: 1818.75 | BX13: 2.45 | BY13: 4.4581 | BZ13: 1819.625 | CA13: 0.2275 | CB13: 0.414 | CC13: 1819.875 | CD13: 538.54 | CE13: 948.5709 | CF13: 1761.375 | CG13: 0.4 | CH13: 0.7287 | CI13: 1821.625 | CJ13: 0.025 | CK13: 0.0455 | CL13: 1819.125 | CM13: 0.2325 | CN13: 0.4231 | CO13: 1819.625 | CP13: 0.01 | CQ13: 0.0182 | CR13: 1821.75 | CS13: 0.7 | CT13: 1.2735 | CU13: 1819.25 | CV13: 0.0275 | CW13: 0.0906 | CX13: 3293.75 | CY13: 0.35 | CZ13: 1.396 | DA13: 3988.5 | DB13: 30.7425 | DC13: 122.4973 | DD13: 3984.625 | DE13: 130.55 | DF13: 520.8129 | DG13: 3989.375 | DH13: 0.9675 | DI13: 3.858 | DJ13: 3987.625 | DK13: 10.8725 | DL13: 43.3663 | DM13: 3988.625 | DN13: 0.08 | DO13: 0.3191 | DP13: 3989.25 | DQ13: 0.65 | DR13: 2.5918 | DS13: 3987.375 | DT13: 3.18 | DU13: 12.6723 | DV13: 3985 | DW13: 0.6 | DX13: 2.3913 | DY13: 3985.5 | DZ13: 0.35 | EA13: 1.3963 | EB13: 3989.5 | EC13: 0.0725 | ED13: 0.2893 | EE13: 3990.375 | EF13: 2.5425 | EG13: 8.423 | EH13: 3312.875 | EI13: 0.31 | EJ13: 0.3719 | EK13: 1199.625 | EL13: -0.02 | EM13: 0 | EN13: 0.75 | EO13: 0.035 | EP13: 0 | EQ13: 0.75
A14: 2.0212 | B14: 16.545 | C14: 122.3565 | D14: 7395.375 | E14: -0.0025 | F14: 0 | G14: 0.75 | H14: -0.07 | I14: -0.0001 | J14: 1.5 | K14: 0 | L14: 0 | M14: 1 | N14: 7.9875 | O14: 36.7725 | P14: 4603.75 | Q14: 3.435 | R14: 6.1899 | S14: 1802 | T14: 10.7875 | U14: 11.4078 | V14: 1057.5 | W14: 3.9 | X14: 3.5914 | Y14: 920.875 | Z14: 1.95 | AA14: 0.9813 | AB14: 503.25 | AC14: 0.0075 | AD14: 0 | AE14: 0.875 | AF14: -0.0125 | AG14: 0 | AH14: 0.25 | AI14: 0 | AJ14: 0 | AK14: 1821.75 | AL14: 0.005 | AM14: 0 | AN14: 1.125 | AO14: -0.7 | AP14: -0.0015 | AQ14: 2.125 | AR14: 52.745 | AS14: 68.1861 | AT14: 1292.75 | AU14: 0.1175 | AV14: 0.3517 | AW14: 2993.125 | AX14: 8.095 | AY14: 14.5629 | AZ14: 1799 | BA14: 0.0575 | BB14: 0.1046 | BC14: 1818.5 | BF14: 1.2925 | BG14: 2.3313 | BH14: 1803.75 | BI14: 0.0625 | BJ14: 0.1595 | BK14: 2552.5 | BL14: 5 | BM14: 17.5431 | BN14: 3508.625 | BO14: 0.0375 | BP14: 0.0682 | BQ14: 1819.375 | BR14: 0.03 | BS14: 0.0546 | BT14: 1820.25 | BU14: 0.1 | BV14: 0.1819 | BW14: 1819.125 | BX14: 2.1 | BY14: 3.8202 | BZ14: 1819.125 | CA14: 0.1875 | CB14: 0.3413 | CC14: 1820.375 | CD14: 538.21 | CE14: 949.4697 | CF14: 1764.125 | CG14: 0.3 | CH14: 0.5452 | CI14: 1817.375 | CJ14: 0.025 | CK14: 0.0455 | CL14: 1820 | CM14: 0.0475 | CN14: 0.0864 | CO14: 1818.75 | CP14: 0 | CQ14: 0 | CR14: 1820.875 | CS14: 0.85 | CT14: 1.5467 | CU14: 1819.625 | CV14: 0.035 | CW14: 0.1152 | CX14: 3290.125 | CY14: 0.45 | CZ14: 1.7942 | DA14: 3987.125 | DB14: 30.4925 | DC14: 121.444 | DD14: 3982.75 | DE14: 128.4 | DF14: 512.316 | DG14: 3990 | DH14: 1.0175 | DI14: 4.0546 | DJ14: 3984.875 | DK14: 10.8525 | DL14: 43.2703 | DM14: 3987.125 | DN14: 0.0625 | DO14: 0.2493 | DP14: 3988.625 | DQ14: 0 | DR14: 0 | DS14: 3986.5 | DT14: 2.825 | DU14: 11.2601 | DV14: 3985.875 | DW14: 0.5 | DX14: 1.9949 | DY14: 3989.75 | DZ14: 1 | EA14: 3.9885 | EB14: 3988.5 | EC14: 0.075 | ED14: 0.2992 | EE14: 3989.125 | EF14: 2.4175 | EG14: 8.0059 | EH14: 3311.625 | EI14: 14.6425 | EJ14: 17.5802 | EK14: 1200.625 | EL14: -0.0175 | EM14: 0 | EN14: 1.25 | EO14: 0.02 | EP14: 0 | EQ14: 1.625
A15: 2.1172 | B15: 13.035 | C15: 96.4036 | D15: 7395.75 | E15: 0.0025 | F15: 0 | G15: 0.5 | H15: -0.0225 | I15: 0 | J15: 1 | K15: -0.015 | L15: 0 | M15: 0.75 | N15: 8.0175 | O15: 36.9136 | P15: 4604.125 | Q15: 2.9425 | R15: 5.3057 | S15: 1803.125 | T15: 8.825 | U15: 9.3291 | V15: 1057.125 | W15: 4 | X15: 3.6835 | Y15: 920.875 | Z15: 0.95 | AA15: 0.4771 | AB15: 502.25 | AC15: -0.0275 | AD15: 0 | AE15: 0.5 | AF15: 0.015 | AG15: 0 | AH15: 1.625 | AI15: 0 | AJ15: 0 | AK15: 1820.75 | AL15: 0.0025 | AM15: 0 | AN15: 0.75 | AO15: 0.4 | AP15: 0.0006 | AQ15: 1.5 | AR15: 47.285 | AS15: 61.1868 | AT15: 1294 | AU15: 0.11 | AV15: 0.3293 | AW15: 2993.25 | AX15: 7.0325 | AY15: 12.6761 | AZ15: 1802.5 | BA15: 0.03 | BB15: 0.0545 | BC15: 1817.625 | BF15: 0.7175 | BG15: 1.2954 | BH15: 1805.375 | BI15: 0.045 | BJ15: 0.1148 | BK15: 2552 | BL15: 5.85 | BM15: 20.5247 | BN15: 3508.5 | BO15: 0.04 | BP15: 0.0728 | BQ15: 1819.75 | BR15: 0.0225 | BS15: 0.041 | BT15: 1820.75 | BU15: 0.75 | BV15: 1.364 | BW15: 1818.625 | BX15: 2 | BY15: 3.6418 | BZ15: 1820.875 | CA15: 0.225 | CB15: 0.4095 | CC15: 1820.125 | CD15: 537.9025 | CE15: 948.6583 | CF15: 1763.625 | CG15: -0.1 | CH15: -0.182 | CI15: 1819.5 | CJ15: -0.0125 | CK15: -0.0227 | CL15: 1818.5 | CM15: 0.21 | CN15: 0.3817 | CO15: 1817.75 | CP15: 0.0375 | CQ15: 0.0683 | CR15: 1822.125 | CS15: -0.1 | CT15: -0.182 | CU15: 1819.625 | CV15: 3.865 | CW15: 12.7482 | CX15: 3298.375 | CY15: 1.25 | CZ15: 4.9878 | DA15: 3990.25 | DB15: 25.5875 | DC15: 102.1005 | DD15: 3990.25 | DE15: 104.25 | DF15: 416.179 | DG15: 3992.125 | DH15: 0.9 | DI15: 3.5923 | DJ15: 3991.5 | DK15: 10.805 | DL15: 43.112 | DM15: 3990 | DN15: 0.005 | DO15: 0.02 | DP15: 3991.625 | DQ15: -0.4 | DR15: -1.5965 | DS15: 3991.125 | DT15: 2.8075 | DU15: 11.2023 | DV15: 3990.125 | DW15: -0.2 | DX15: -0.7982 | DY15: 3990.75 | DZ15: 1.5 | EA15: 5.9904 | EB15: 3993.625 | EC15: 0.07 | ED15: 0.2794 | EE15: 3991.125 | EF15: 0.275 | EG15: 0.9109 | EH15: 3312.375 | EI15: 0.4425 | EJ15: 0.5303 | EK15: 1198.5 | EL15: 0.0275 | EM15: 0.0001 | EN15: 2.625 | EO15: 0.045 | EP15: 0.0001 | EQ15: 1.375
A16: 2.2132 | B16: 15.935 | D16: 7393.5 | E16: -0.0025 | G16: 1.25 | H16: 0.0025 | J16: 1.125 | K16: -0.02 | M16: 1.625 | N16: 7.955 | P16: 4603.75 | Q16: 3.365 | S16: 1804.375 | T16: 11.985 | V16: 1057.5 | W16: 3.55 | Y16: 921.375 | Z16: 1.75 | AB16: 502.5 | AC16: -0.0125 | AE16: 0.25 | AF16: -0.055 | AH16: 1.375 | AI16: 0.0025 | AK16: 1820.25 | AL16: 0.015 | AN16: 1.125 | AO16: -0.85 | AQ16: 0.5 | AR16: 51.97 | AT16: 1291.875 | AU16: 0.1125 | AW16: 2991.5 | AX16: 7.9025 | AZ16: 1801.875 | BA16: -0.0075 | BC16: 1818.625 | BF16: 2.9975 | BH16: 1804.5 | BI16: 0.0325 | BK16: 2548.75 | BL16: 11.3 | BN16: 3509 | BO16: 0.0525 | BQ16: 1820.125 | BR16: 0.055 | BT16: 1821.375 | BU16: -0.1 | BW16: 1820 | BX16: 2.55 | BZ16: 1820.625 | CA16: 0.19 | CC16: 1821 | CD16: 538.66 | CF16: 1765.25 | CG16: -0.55 | CI16: 1821.25 | CJ16: 0.04 | CL16: 1817.125 | CM16: 0.145 | CO16: 1819.125 | CP16: 0.04 | CR16: 1822.5 | CS16: 0.05 | CU16: 1820.25 | CV16: 0.0125 | CX16: 3290.875 | CY16: 0.9 | DA16: 3988.125 | DB16: 31.45 | DD16: 3986.625 | DE16: 118.95 | DG16: 3991.125 | DH16: 0.9625 | DJ16: 3987.875 | DK16: 10.815 | DM16: 3986.875 | DN16: 0.0125 | DP16: 3991.75 | DQ16: -0.55 | DS16: 3988 | DT16: 2.8325 | DV16: 3984.625 | DW16: 1.25 | DY16: 3988.125 | DZ16: 0.8 | EB16: 3990.375 | EC16: 0.0975 | EE16: 3990.5 | EF16: 3.9625 | EH16: 3309.875 | EI16: 0.37 | EK16: 1200.25 | EL16: 0.0125 | EN16: 0.875 | EO16: -0.0025 | EQ16: 1.375
A17: 2.3092 | B17: 15.2275 | D17: 7393.875 | E17: -0.0175 | G17: 0.25 | H17: -0.035 | J17: 1 | K17: -0.025 | M17: 0.75 | N17: 7.88 | P17: 4604.125 | Q17: 3.26 | S17: 1803.5 | T17: 10.99 | V17: 1058.875 | W17: 3.3 | Y17: 922.25 | Z17: 1.8 | AB17: 503.625 | AC17: 0.035 | AE17: 1 | AF17: -0.005 | AH17: 1.625 | AI17: 0.0325 | AK17: 1820.75 | AL17: 0.0225 | AN17: 1.375 | AO17: -0.05 | AQ17: 1 | AR17: 56.3525 | AT17: 1290.625 | AU17: 0.115 | AW17: 2993.375 | AX17: 7.8575 | AZ17: 1800.625 | BA17: 0.05 | BC17: 1817.875 | BF17: 1.96 | BH17: 1806 | BI17: 0.015 | BK17: 2553 | BL17: 8.35 | BN17: 3507.5 | BO17: 0.0225 | BQ17: 1821.5 | BR17: 0.02 | BT17: 1822.5 | BU17: 0.35 | BW17: 1820.125 | BX17: 1.95 | BZ17: 1819.75 | CA17: 0.1775 | CC17: 1818 | CD17: 538.3475 | CF17: 1763.5 | CG17: 0.25 | CI17: 1819.75 | CJ17: -0.0175 | CL17: 1819.75 | CM17: 0.1425 | CO17: 1819.25 | CP17: 0.0025 | CR17: 1820.875 | CS17: 0.6 | CU17: 1819.375 | CV17: 0.0275 | CX17: 3294.875 | CY17: 1.8 | DA17: 3988.375 | DB17: 29.78 | DD17: 3989.125 | DE17: 114.8 | DG17: 3991.125 | DH17: 0.9225 | DJ17: 3988.375 | DK17: 10.865 | DM17: 3990 | DN17: 0.0425 | DP17: 3991 | DQ17: -0.05 | DS17: 3991 | DT17: 2.8475 | DV17: 3990.375 | DW17: 1.15 | DY17: 3987.625 | DZ17: 0.65 | EB17: 3990.875 | EC17: 0.0775 | EE17: 3990.75 | EF17: 0.2625 | EH17: 3311.25 | EI17: 0.44 | EK17: 1199 | EL17: -0.015 | EN17: 1.375 | EO17: -0.0375 | EQ17: 2.125
A18: 2.4052 | B18: 15.41 | C18: 113.9242 | D18: 7392.875 | E18: -0.025 | F18: 0 | G18: 1.25 | H18: -0.0575 | I18: -0.0001 | J18: 1.125 | K18: -0.0025 | L18: 0 | M18: 2.25 | N18: 8.01 | O18: 36.8981 | P18: 4606.5 | Q18: 3.295 | R18: 5.9339 | S18: 1800.875 | T18: 11.9675 | U18: 12.6691 | V18: 1058.625 | W18: 3.1 | X18: 2.8609 | Y18: 922.875 | Z18: 1.35 | AA18: 0.6799 | AB18: 503.625 | AC18: 0 | AD18: 0 | AE18: 0.5 | AF18: 0.025 | AG18: 0.0001 | AH18: 2.125 | AI18: 0.0125 | AJ18: 0.0227 | AK18: 1819.75 | AL18: 0.005 | AM18: 0 | AN18: 0.75 | AO18: -0.45 | AP18: -0.0005 | AQ18: 1.125 | AR18: 53.075 | AS18: 68.5795 | AT18: 1292.125 | AU18: 0.075 | AV18: 0.2243 | AW18: 2990.5 | AX18: 7.9575 | AY18: 14.3155 | AZ18: 1799 | BA18: 0.035 | BB18: 0.0637 | BC18: 1819.875 | BF18: 1.5 | BG18: 2.7056 | BH18: 1803.75 | BI18: 0.0475 | BJ18: 0.1213 | BK18: 2552.75 | BL18: 4.2 | BM18: 14.7389 | BN18: 3509.25 | BO18: 0.05 | BP18: 0.091 | BQ18: 1819.375 | BR18: -0.015 | BS18: -0.0273 | BT18: 1818.75 | BU18: 0.2 | BV18: 0.3638 | BW18: 1819 | BX18: 2.6 | BY18: 4.7346 | BZ18: 1821 | CA18: 0.195 | CB18: 0.3553 | CC18: 1822.125 | CD18: 538.5025 | CE18: 948.7068 | CF18: 1761.75 | CG18: 0.3 | CH18: 0.5466 | CI18: 1821.875 | CJ18: 0.0025 | CK18: 0.0046 | CL18: 1820.125 | CM18: 0.2125 | CN18: 0.3861 | CO18: 1816.875 | CP18: 0.005 | CQ18: 0.0091 | CR18: 1820 | CS18: 1.25 | CT18: 2.2758 | CU18: 1820.625 | CV18: 0.0175 | CW18: 0.0576 | CX18: 3290.125 | CY18: 2 | CZ18: 7.973 | DA18: 3986.5 | DB18: 30.395 | DC18: 121.2267 | DD18: 3988.375 | DE18: 113.3 | DF18: 452.2511 | DG18: 3991.625 | DH18: 0.9475 | DI18: 3.7802 | DJ18: 3989.625 | DK18: 10.8725 | DL18: 43.3677 | DM18: 3988.75 | DN18: 0.0375 | DO18: 0.1496 | DP18: 3989.75 | DQ18: 0.25 | DR18: 0.9971 | DS18: 3988.375 | DT18: 2.9 | DU18: 11.5627 | DV18: 3987.125 | DW18: 0.65 | DX18: 2.5928 | DY18: 3988.875 | DZ18: 0.55 | EA18: 2.194 | EB18: 3989 | EC18: 0.055 | ED18: 0.2195 | EE18: 3991 | EF18: 0.59 | EG18: 1.9523 | EH18: 3309 | EI18: 0.2875 | EJ18: 0.3449 | EK18: 1199.625 | EL18: 0.06 | EM18: 0.0001 | EN18: 1.75 | EO18: 0 | EP18: 0 | EQ18: 1.875
A19: 2.5012 | B19: 15.5625 | C19: 115.0808 | D19: 7394.75 | E19: -0.005 | F19: 0 | G19: 0.75 | H19: -0.02 | I19: 0 | J19: 0.75 | K19: -0.0075 | L19: 0 | M19: 1.25 | N19: 8.02 | O19: 36.9191 | P19: 4603.375 | Q19: 3.995 | R19: 7.2095 | S19: 1804.625 | T19: 8.98 | U19: 9.5098 | V19: 1059 | W19: 3.3 | X19: 3.043 | Y19: 922.125 | Z19: 1.75 | AA19: 0.8796 | AB19: 502.625 | AC19: -0.0025 | AD19: 0 | AE19: 0.75 | AF19: 0.035 | AG19: 0 | AH19: 1 | AI19: 0.0125 | AJ19: 0.0228 | AK19: 1820.125 | AL19: -0.0325 | AM19: 0 | AN19: 1 | AO19: 0.45 | AP19: 0.001 | AQ19: 2.25 | AR19: 57.2075 | AS19: 73.7977 | AT19: 1290 | AU19: 0.0725 | AV19: 0.2169 | AW19: 2991.25 | AX19: 8.2 | AY19: 14.7672 | AZ19: 1800.875 | BA19: -0.0175 | BB19: -0.0318 | BC19: 1817.75 | BF19: 0.395 | BG19: 0.7133 | BH19: 1805.75 | BI19: -0.02 | BJ19: -0.0397 | BK19: 1983.5 | BL19: 4.6 | BM19: 16.1604 | BN19: 3513.125 | BO19: 0.0425 | BP19: 0.0774 | BQ19: 1820.625 | BR19: 0.0325 | BS19: 0.0592 | BT19: 1821.25 | BU19: 0.25 | BV19: 0.4549 | BW19: 1819.625 | BX19: 2.35 | BY19: 4.2752 | BZ19: 1819.25 | CA19: 0.1975 | CB19: 0.3596 | CC19: 1820.875 | CD19: 538.6625 | CE19: 950.7393 | CF19: 1765 | CG19: -0.4 | CH19: -0.7284 | CI19: 1821 | CJ19: 0.01 | CK19: 0.0182 | CL19: 1819.75 | CM19: 0.0925 | CN19: 0.1683 | CO19: 1819.125 | CP19: 0.0475 | CQ19: 0.0865 | CR19: 1821.25 | CS19: 0.55 | CT19: 1.0012 | CU19: 1820.375 | CV19: 0.045 | CW19: 0.1483 | CX19: 3295.625 | CY19: 0.65 | CZ19: 2.5925 | DA19: 3988.5 | DB19: 30.4325 | DC19: 121.3154 | DD19: 3986.375 | DE19: 109.55 | DF19: 437.3647 | DG19: 3992.375 | DH19: 0.975 | DI19: 3.8872 | DJ19: 3986.875 | DK19: 10.555 | DL19: 42.0801 | DM19: 3986.75 | DN19: 0.005 | DO19: 0.02 | DP19: 3991.25 | DQ19: -0.1 | DR19: -0.3987 | DS19: 3987.25 | DT19: 3.165 | DU19: 12.6161 | DV19: 3986.125 | DW19: 0.05 | DX19: 0.1994 | DY19: 3987.875 | DZ19: 0.4 | EA19: 1.5964 | EB19: 3991 | EC19: 0.0225 | ED19: 0.0898 | EE19: 3990.625 | EF19: 0.255 | EG19: 0.8447 | EH19: 3312.625 | EI19: 13.325 | EJ19: 15.9867 | EK19: 1199.75 | EL19: -0.0175 | EM19: 0 | EN19: 0.75 | EO19: -0.0175 | EP19: 0 | EQ19: 0.75
A20: 2.5972 | B20: 13.06 | C20: 96.5461 | D20: 7392.5 | E20: 0.015 | F20: 0 | G20: 0.75 | H20: -0.0275 | I20: 0 | J20: 1.25 | K20: -0.005 | L20: 0 | M20: 2.25 | N20: 7.975 | O20: 36.7299 | P20: 4605.625 | Q20: 2.8325 | R20: 5.1066 | S20: 1802.875 | T20: 7.7225 | U20: 8.1733 | V20: 1058.375 | W20: 2.65 | X20: 2.4443 | Y20: 922.375 | Z20: 1.55 | AA20: 0.7808 | AB20: 503.75 | AC20: 0.0125 | AD20: 0 | AE20: 1.5 | AF20: 0.01 | AG20: 0 | AH20: 0.5 | AI20: 0 | AJ20: 0 | AK20: 1819.75 | AL20: 0.01 | AM20: 0 | AN20: 0.875 | AO20: -0.9 | AP20: -0.0002 | AQ20: 0.25 | AR20: 47.1675 | AS20: 60.9817 | AT20: 1292.875 | AU20: 0.0975 | AV20: 0.2917 | AW20: 2992.25 | AX20: 7.045 | AY20: 12.6889 | AZ20: 1801.125 | BA20: 0.02 | BB20: 0.0364 | BC20: 1819.625 | BF20: 1.1725 | BG20: 2.1174 | BH20: 1805.875 | BI20: -0.04 | BJ20: -0.0072 | BK20: 180.875 | BL20: 8.1 | BM20: 28.432 | BN20: 3510.125 | BO20: 0.04 | BP20: 0.0727 | BQ20: 1818.5 | BR20: 0.0175 | BS20: 0.0319 | BT20: 1821.25 | BU20: -0.2 | BV20: -0.3638 | BW20: 1819 | BX20: 1.2 | BY20: 2.1833 | BZ20: 1819.375 | CA20: 0.1775 | CB20: 0.3231 | CC20: 1820.25 | CD20: 538.4625 | CE20: 950.8575 | CF20: 1765.875 | CG20: 0.1 | CH20: 0.1819 | CI20: 1818.75 | CJ20: -0.0275 | CK20: -0.05 | CL20: 1819.75 | CM20: 0.17 | CN20: 0.3094 | CO20: 1819.75 | CP20: 0.0125 | CQ20: 0.0228 | CR20: 1820.75 | CS20: 0.5 | CT20: 0.9108 | CU20: 1821.625 | CV20: 0.0625 | CW20: 0.2055 | CX20: 3287.25 | CY20: 1.05 | CZ20: 4.1906 | DA20: 3991 | DB20: 25.9475 | DC20: 103.5208 | DD20: 3989.625 | DE20: 115.25 | DF20: 460.078 | DG20: 3992 | DH20: 0.94 | DI20: 3.7534 | DJ20: 3993 | DK20: 10.8525 | DL20: 43.3327 | DM20: 3992.875 | DN20: 0.0325 | DO20: 0.1297 | DP20: 3991.75 | DQ20: 0.45 | DR20: 1.796 | DS20: 3991.125 | DT20: 2.7775 | DU20: 11.0791 | DV20: 3988.875 | DW20: 0.6 | DX20: 2.3954 | DY20: 3992.375 | DZ20: 0.8 | EA20: 3.1931 | EB20: 3991.375 | EC20: 0.0475 | ED20: 0.1897 | EE20: 3993.375 | EF20: 0.4225 | EG20: 1.3994 | EH20: 3312.125 | EI20: 0.405 | EJ20: 0.4861 | EK20: 1200.25 | EL20: -0.025 | EM20: -0.0001 | EN20: 2 | EO20: 0.045 | EP20: 0.0001 | EQ20: 1.125
A21: 2.6932 | B21: 15.455 | C21: 114.3032 | D21: 7395.875 | E21: 0.0075 | F21: 0 | G21: 0.5 | H21: -0.0475 | I21: -0.0001 | J21: 1.875 | K21: -0.0425 | L21: 0 | M21: 0.75 | N21: 7.985 | O21: 36.742 | P21: 4601.375 | Q21: 3.135 | R21: 5.6551 | S21: 1803.875 | T21: 10.7025 | U21: 11.3366 | V21: 1059.25 | W21: 3.95 | X21: 3.6355 | Y21: 920.375 | Z21: 1.15 | AA21: 0.58 | AB21: 504.375 | AC21: -0.0225 | AD21: -0.0001 | AE21: 2.375 | AF21: -0.005 | AG21: 0 | AH21: 0.75 | AI21: 0.0075 | AJ21: 0.0137 | AK21: 1821.125 | AL21: 0.0175 | AM21: 0 | AN21: 1.375 | AO21: 0.45 | AP21: 0.0007 | AQ21: 1.625 | AR21: 56.34 | AS21: 72.7209 | AT21: 1290.75 | AU21: 0.1075 | AV21: 0.3218 | AW21: 2993.625 | AX21: 7.9125 | AY21: 14.2554 | AZ21: 1801.625 | BA21: 0.04 | BB21: 0.0727 | BC21: 1817.375 | BF21: 2.8025 | BG21: 5.0606 | BH21: 1805.75 | BI21: -0.0175 | BJ21: -0.0002 | BK21: 12.25 | BL21: 5.7 | BM21: 20.0127 | BN21: 3511 | BO21: -0.01 | BP21: -0.0182 | BQ21: 1820.5 | BR21: -0.01 | BS21: -0.0182 | BT21: 1822 | BU21: -0.05 | BV21: -0.091 | BW21: 1819.625 | BX21: 2.9 | BY21: 5.2827 | BZ21: 1821.625 | CA21: 0.145 | CB21: 0.2644 | CC21: 1823.75 | CD21: 538.8025 | CE21: 950.3129 | CF21: 1763.75 | CG21: 1.05 | CH21: 1.9113 | CI21: 1820.25 | CJ21: -0.005 | CK21: -0.0091 | CL21: 1818.5 | CM21: 0.1875 | CN21: 0.3413 | CO21: 1820.25 | CP21: 0.0525 | CQ21: 0.0956 | CR21: 1821 | CS21: 0.15 | CT21: 0.2732 | CU21: 1821.5 | CV21: 0.0225 | CW21: 0.074 | CX21: 3290.375 | CY21: 1.6 | CZ21: 6.3828 | DA21: 3989.25 | DB21: 30.8475 | DC21: 122.9774 | DD21: 3986.625 | DE21: 106.9 | DF21: 426.7715 | DG21: 3992.25 | DH21: 0.9625 | DI21: 3.8387 | DJ21: 3988.25 | DK21: 10.5825 | DL21: 42.2229 | DM21: 3989.875 | DN21: 0.08 | DO21: 0.3192 | DP21: 3990.5 | DQ21: 0.85 | DR21: 3.3917 | DS21: 3990.25 | DT21: 2.755 | DU21: 10.9873 | DV21: 3988.125 | DW21: 0.9 | DX21: 3.5912 | DY21: 3990.25 | DZ21: 1.05 | EA21: 4.1906 | EB21: 3991 | EC21: 0.095 | ED21: 0.379 | EE21: 3989.625 | EF21: 0.97 | EG21: 3.2128 | EH21: 3312.125 | EI21: 0.285 | EJ21: 0.3422 | EK21: 1200.75 | EL21: 0 | EM21: 0 | EN21: 2.875 | EO21: 0.01 | EP21: 0 | EQ21: 0.75
A22: 2.7892 | B22: 15.1625 | D22: 7393.625 | E22: -0.0025 | G22: 1.125 | H22: -0.01 | J22: 0.875 | K22: -0.0175 | M22: 1.25 | N22: 7.895 | P22: 4605.625 | Q22: 3.455 | S22: 1803.125 | T22: 10.7875 | V22: 1057.375 | W22: 5.3 | Y22: 922.25 | Z22: 2.25 | AB22: 501.375 | AC22: 0.01 | AE22: 1.125 | AF22: 0.01 | AH22: 1.875 | AI22: 0.0075 | AK22: 1820.75 | AL22: 0.0175 | AN22: 0.25 | AO22: 0.3 | AQ22: 0.25 | AR22: 54.41 | AT22: 1291.125 | AU22: 0.0925 | AW22: 2994.5 | AX22: 7.8975 | AZ22: 1800 | BA22: -0.0025 | BC22: 1818.75 | BF22: 2.965 | BH22: 1805.875 | BI22: 0 | BK22: 3.125 | BL22: 5.05 | BN22: 3510.375 | BO22: 0.045 | BQ22: 1819.375 | BR22: 0.05 | BT22: 1820.125 | BU22: 0 | BW22: 1819.875 | BX22: 1.4 | BZ22: 1819.625 | CA22: 0.1875 | CC22: 1819.5 | CD22: 538.5175 | CF22: 1765.375 | CG22: 0.25 | CI22: 1821.5 | CJ22: 0.045 | CL22: 1820 | CM22: 0.085 | CO22: 1819.625 | CP22: 0.0475 | CR22: 1821 | CS22: 1.15 | CU22: 1820.375 | CV22: 0.0375 | CX22: 3292.875 | CY22: 1.05 | DA22: 3989.75 | DB22: 29.9825 | DD22: 3987.75 | DE22: 117.1 | DG22: 3990.5 | DH22: 0.9825 | DJ22: 3989 | DK22: 10.7525 | DM22: 3989 | DN22: 0.0775 | DP22: 3989.5 | DQ22: 0.7 | DS22: 3990 | DT22: 3.1425 | DV22: 3987.5 | DW22: 0.2 | DY22: 3989.75 | DZ22: 0.7 | EB22: 3989.125 | EC22: 0.0375 | EE22: 3991.25 | EF22: 4.9075 | EH22: 3310.875 | EI22: 0.3125 | EK22: 1199.75 | EL22: 0 | EN22: 0 | EO22: 0.045 | EQ22: 1.75
A23: 2.8852 | B23: 16.3875 | C23: 121.2101 | D23: 7396.5 | E23: -0.005 | F23: 0 | G23: 2.125 | H23: -0.0475 | I23: -0.0001 | J23: 1.375 | K23: -0.0075 | L23: 0 | M23: 1.125 | N23: 7.99 | O23: 36.79 | P23: 4604.5 | Q23: 3.31 | R23: 5.9721 | S23: 1804.25 | T23: 11.895 | U23: 12.5968 | V23: 1059 | W23: 4.45 | X23: 4.0968 | Y23: 920.625 | Z23: 1.35 | AA23: 0.6779 | AB23: 502.125 | AC23: -0.0075 | AD23: 0 | AE23: 0.75 | AF23: -0.0125 | AG23: 0 | AH23: 1.875 | AI23: 0.09 | AJ23: 0.1639 | AK23: 1820.75 | AL23: 0.0025 | AM23: 0 | AN23: 1.375 | AO23: 0.25 | AP23: 0.0001 | AQ23: 0.5 | AR23: 53.895 | AS23: 69.666 | AT23: 1292.625 | AU23: 0.1125 | AV23: 0.3366 | AW23: 2991.875 | AX23: 7.91 | AY23: 14.2291 | AZ23: 1798.875 | BA23: 0.0175 | BB23: 0.0318 | BC23: 1818.375 | BF23: 0.61 | BG23: 1.1023 | BH23: 1807.125 | BI23: -0.0075 | BJ23: 0 | BK23: 4.125 | BL23: 11.7 | BM23: 41.048 | BN23: 3508.375 | BO23: 0.0325 | BP23: 0.0592 | BQ23: 1822.375 | BR23: -0.0075 | BS23: -0.0137 | BT23: 1820.375 | BU23: 0.65 | BV23: 1.1807 | BW23: 1816.5 | BX23: 1.35 | BY23: 2.4565 | BZ23: 1819.625 | CA23: 0.185 | CB23: 0.3368 | CC23: 1820.625 | CD23: 538.5425 | CE23: 949.5851 | CF23: 1763.25 | CG23: 0.25 | CH23: 0.4551 | CI23: 1820.375 | CJ23: 0.02 | CK23: 0.0364 | CL23: 1818.25 | CM23: 0.205 | CN23: 0.3733 | CO23: 1821.125 | CP23: -0.0175 | CQ23: -0.0319 | CR23: 1820.25 | CS23: 0.35 | CT23: 0.6371 | CU23: 1820.25 | CV23: 0.08 | CW23: 0.2634 | CX23: 3293 | CY23: 0.6 | CZ23: 2.3938 | DA23: 3989.625 | DB23: 31.865 | DC23: 127.0139 | DD23: 3986 | DE23: 120.5 | DF23: 480.9758 | DG23: 3991.5 | DH23: 0.9325 | DI23: 3.7179 | DJ23: 3987 | DK23: 10.8325 | DL23: 43.1919 | DM23: 3987.25 | DN23: 0.03 | DO23: 0.1197 | DP23: 3990.125 | DQ23: -0.8 | DR23: -3.1911 | DS23: 3988.875 | DT23: 2.7725 | DU23: 11.0495 | DV23: 3985.375 | DW23: 0.1 | DX23: 0.3992 | DY23: 3992.5 | DZ23: 0 | EA23: 0 | EB23: 3990.125 | EC23: 0.065 | ED23: 0.2595 | EE23: 3992.75 | EF23: 0.2575 | EG23: 0.8527 | EH23: 3311.625 | EI23: 0.2975 | EJ23: 0.3566 | EK23: 1198.625 | EL23: 0.0225 | EM23: 0 | EN23: 1.625 | EO23: -0.0175 | EP23: 0 | EQ23: 1.125
A24: 2.9812 | B24: 15.2925 | C24: 113.088 | D24: 7395 | E24: -0.025 | F24: 0 | G24: 1.875 | H24: 0 | I24: 0 | J24: 0.75 | K24: -0.03 | L24: -0.0001 | M24: 3.25 | N24: 7.9875 | O24: 36.7754 | P24: 4604.125 | Q24: 2.965 | R24: 5.3481 | S24: 1803.75 | T24: 10.275 | U24: 10.862 | V24: 1057.125 | W24: 2 | X24: 1.841 | Y24: 920.5 | Z24: 0.85 | AA24: 0.427 | AB24: 502.375 | AC24: 0.0475 | AD24: 0 | AE24: 0.25 | AF24: -0.01 | AG24: 0 | AH24: 1.5 | AI24: 0.0475 | AJ24: 0.0865 | AK24: 1822 | AL24: -0.0175 | AM24: 0 | AN24: 0.75 | AO24: 0.65 | AP24: 0.0003 | AQ24: 0.5 | AR24: 53.095 | AS24: 68.5324 | AT24: 1290.75 | AU24: 0.105 | AV24: 0.3145 | AW24: 2995 | AX24: 7.8775 | AY24: 14.1844 | AZ24: 1800.625 | BA24: 0 | BB24: 0 | BC24: 1817.875 | BF24: 0.995 | BG24: 1.7996 | BH24: 1808.625 | BI24: -0.025 | BJ24: 0 | BK24: 1.875 | BL24: 6.65 | BM24: 23.339 | BN24: 3509.625 | BO24: 0.06 | BP24: 0.1093 | BQ24: 1821 | BR24: 0.0125 | BS24: 0.0228 | BT24: 1821.625 | BU24: 0.05 | BV24: 0.091 | BW24: 1819.875 | BX24: 1.6 | BY24: 2.9132 | BZ24: 1820.75 | CA24: 0.185 | CB24: 0.3368 | CC24: 1820.625 | CD24: 538.485 | CE24: 949.4837 | CF24: 1763.25 | CG24: 0.55 | CH24: 1.0013 | CI24: 1820.5 | CJ24: 0.025 | CK24: 0.0455 | CL24: 1818.375 | CM24: 0.115 | CN24: 0.2092 | CO24: 1819.125 | CP24: 0.0275 | CQ24: 0.0501 | CR24: 1820.625 | CS24: -0.2 | CT24: -0.364 | CU24: 1820.25 | CV24: 0.005 | CW24: 0.0164 | CX24: 3288.75 | CY24: 0.6 | CZ24: 2.3945 | DA24: 3990.875 | DB24: 29.8575 | DC24: 119.0829 | DD24: 3988.375 | DE24: 107.8 | DF24: 430.4454 | DG24: 3993 | DH24: 0.8925 | DI24: 3.5602 | DJ24: 3989 | DK24: 10.7775 | DL24: 42.9847 | DM24: 3988.375 | DN24: 0.005 | DO24: 0.02 | DP24: 3991.5 | DQ24: 0.15 | DR24: 0.5983 | DS24: 3988.875 | DT24: 2.84 | DU24: 11.3249 | DV24: 3987.625 | DW24: 0.65 | DX24: 2.5922 | DY24: 3988 | DZ24: 1.05 | EA24: 4.1899 | EB24: 3990.375 | EC24: 0.0725 | ED24: 0.2893 | EE24: 3990.375 | EF24: 0.2375 | EG24: 0.7863 | EH24: 3310.875 | EI24: 0.4075 | EJ24: 0.4896 | EK24: 1201.5 | EL24: -0.0525 | EM24: -0.0001 | EN24: 1.125 | EO24: -0.0225 | EP24: 0 | EQ24: 1
A25: 3.0772 | B25: 13.365 | C25: 98.8726 | D25: 7397.875 | E25: 0.0025 | F25: 0 | G25: 0.75 | H25: -0.0075 | I25: 0 | J25: 1 | K25: -0.0025 | L25: 0 | M25: 0.75 | N25: 8.015 | O25: 36.9091 | P25: 4605 | Q25: 3.185 | R25: 5.7453 | S25: 1803.875 | T25: 8.8375 | U25: 9.3412 | V25: 1057 | W25: 3.95 | X25: 3.6424 | Y25: 922.125 | Z25: 1.7 | AA25: 0.8549 | AB25: 502.875 | AC25: 0.0025 | AD25: 0 | AE25: 0.25 | AF25: -0.0175 | AG25: 0 | AH25: 1.75 | AI25: 0.0075 | AJ25: 0.0136 | AK25: 1819.75 | AL25: 0.0225 | AM25: 0.0001 | AN25: 2.25 | AO25: -0.2 | AP25: -0.0001 | AQ25: 0.5 | AR25: 46.4075 | AS25: 59.9991 | AT25: 1292.875 | AU25: 0.12 | AV25: 0.3585 | AW25: 2987.375 | AX25: 7.01 | AY25: 12.6206 | AZ25: 1800.375 | BA25: 0.02 | BB25: 0.0364 | BC25: 1819.125 | BF25: 2.8275 | BG25: 5.1043 | BH25: 1805.25 | BI25: -0.0625 | BJ25: -0.0002 | BK25: 2.75 | BL25: 4.55 | BM25: 15.9751 | BN25: 3511 | BO25: 0.025 | BP25: 0.0455 | BQ25: 1820 | BR25: 0.025 | BS25: 0.0455 | BT25: 1821.625 | BU25: 0.95 | BV25: 1.7283 | BW25: 1819.25 | BX25: 2.15 | BY25: 3.9143 | BZ25: 1820.625 | CA25: 0.215 | CB25: 0.391 | CC25: 1818.625 | CD25: 538.6525 | CE25: 950.587 | CF25: 1764.75 | CG25: 0.25 | CH25: 0.4548 | CI25: 1819.375 | CJ25: 0.02 | CK25: 0.0363 | CL25: 1817.125 | CM25: 0.1375 | CN25: 0.2503 | CO25: 1820.625 | CP25: -0.02 | CQ25: -0.0365 | CR25: 1823.125 | CS25: 0.8 | CT25: 1.4558 | CU25: 1819.75 | CV25: 7.4425 | CW25: 24.4616 | CX25: 3286.75 | CY25: 0.2 | CZ25: 0.7977 | DA25: 3988.75 | DB25: 26.08 | DC25: 104.0266 | DD25: 3988.75 | DE25: 113.15 | DF25: 451.6382 | DG25: 3991.5 | DH25: 0.9325 | DI25: 3.7214 | DJ25: 3990.75 | DK25: 10.79 | DL25: 43.0494 | DM25: 3989.75 | DN25: 0.095 | DO25: 0.3791 | DP25: 3990.125 | DQ25: -0.2 | DR25: -0.798 | DS25: 3990.125 | DT25: 2.8725 | DU25: 11.4541 | DV25: 3987.5 | DW25: 0.9 | DX25: 3.593 | DY25: 3992.25 | DZ25: 1.55 | EA25: 6.1864 | EB25: 3991.25 | EC25: 0.075 | ED25: 0.2994 | EE25: 3992.125 | EF25: 4.735 | EG25: 15.6782 | EH25: 3311.125 | EI25: 0.3525 | EJ25: 0.4235 | EK25: 1201.375 | EL25: 0.0075 | EM25: 0 | EN25: 1.125 | EO25: -0.005 | EP25: 0 | EQ25: 0.5
A26: 3.1732 | B26: 15.64 | C26: 115.6402 | D26: 7393.875 | E26: -0.005 | F26: 0 | G26: 0.25 | H26: -0.0025 | I26: 0 | J26: 1.375 | K26: -0.025 | L26: 0 | M26: 1 | N26: 7.9 | O26: 36.3677 | P26: 4603.5 | Q26: 3.2475 | R26: 5.8524 | S26: 1802.125 | T26: 11.6875 | U26: 12.3581 | V26: 1057.375 | W26: 2.25 | X26: 2.0717 | Y26: 920.75 | Z26: 1.5 | AA26: 0.7541 | AB26: 502.75 | AC26: 0.0075 | AD26: 0 | AE26: 1.125 | AF26: -0.02 | AG26: 0 | AH26: 2.375 | AI26: 0.0025 | AJ26: 0.0046 | AK26: 1820.625 | AL26: 0.0125 | AM26: 0 | AN26: 2.25 | AO26: 0.45 | AP26: 0.0002 | AQ26: 0.5 | AR26: 53.96 | AS26: 69.5612 | AT26: 1289.125 | AU26: 0.1 | AV26: 0.2992 | AW26: 2992 | AX26: 8.41 | AY26: 15.1433 | AZ26: 1800.625 | BA26: 0.045 | BB26: 0.0818 | BC26: 1817.75 | BF26: 1.155 | BG26: 2.0842 | BH26: 1804.5 | BI26: 0.0125 | BJ26: 0 | BK26: 1.875 | BL26: 6.2 | BM26: 21.762 | BN26: 3510 | BO26: 0.0575 | BP26: 0.1048 | BQ26: 1821.875 | BR26: 0.0075 | BS26: 0.0137 | BT26: 1820.875 | BU26: 0.7 | BV26: 1.2723 | BW26: 1817.5 | BX26: 1.3 | BY26: 2.3647 | BZ26: 1819 | CA26: 0.2125 | CB26: 0.3868 | CC26: 1820.25 | CD26: 538.5425 | CE26: 949.7197 | CF26: 1763.5 | CG26: 0.35 | CH26: 0.637 | CI26: 1820 | CJ26: 0.035 | CK26: 0.0636 | CL26: 1818.125 | CM26: 0.1775 | CN26: 0.3229 | CO26: 1818.875 | CP26: -0.005 | CQ26: -0.0091 | CR26: 1820.5 | CS26: -0.1 | CT26: -0.182 | CU26: 1819.625 | CV26: 0.0325 | CW26: 0.1069 | CX26: 3290.5 | CY26: 1 | CZ26: 3.9901 | DA26: 3990.125 | DB26: 30.2225 | DC26: 120.5651 | DD26: 3989.25 | DE26: 102.15 | DF26: 407.7828 | DG26: 3992 | DH26: 0.975 | DI26: 3.8896 | DJ26: 3989.375 | DK26: 10.6425 | DL26: 42.4609 | DM26: 3989.75 | DN26: 0.0275 | DO26: 0.1098 | DP26: 3991.375 | DQ26: -0.45 | DR26: -1.7959 | DS26: 3991 | DT26: 2.5475 | DU26: 10.1613 | DV26: 3988.75 | DW26: -0.1 | DX26: -0.399 | DY26: 3990 | DZ26: 0.6 | EA26: 2.3962 | EB26: 3993.625 | EC26: 0.08 | ED26: 0.3193 | EE26: 3991.75 | EF26: 1.22 | EG26: 4.0406 | EH26: 3312 | EI26: 0.345 | EJ26: 0.4141 | EK26: 1200.25 | EL26: -0.0275 | EM26: 0 | EN26: 1.125 | EO26: -0.055 | EP26: -0.0001 | EQ26: 1.25
A27: 3.2692 | B27: 15.365 | D27: 7394.375 | E27: 0.01 | G27: 1.75 | H27: -0.0025 | J27: 1.375 | K27: -0.0425 | M27: 1 | N27: 7.9925 | P27: 4604 | Q27: 3.1775 | S27: 1803.5 | T27: 11.6175 | V27: 1057.75 | W27: 3.95 | Y27: 922 | Z27: 1.2 | AB27: 502.5 | AC27: -0.0175 | AE27: 1.125 | AF27: -0.0125 | AH27: 1.875 | AI27: 0 | AK27: 1820.75 | AL27: 0.0025 | AN27: 0.75 | AO27: 0.6 | AQ27: 0.5 | AR27: 53.775 | AT27: 1289.375 | AU27: 0.0725 | AW27: 2991.125 | AX27: 7.9225 | AZ27: 1798.125 | BA27: 0.0375 | BC27: 1817.125 | BF27: 0.76 | BH27: 1807.375 | BI27: 0.01 | BK27: 1.5 | BL27: 5.15 | BN27: 3510.625 | BO27: 0.0425 | BQ27: 1820 | BR27: -0.0325 | BT27: 1820.25 | BU27: 0.05 | BW27: 1816.75 | BX27: 2 | BZ27: 1820.25 | CA27: 0.18 | CC27: 1820.625 | CD27: 538.31 | CF27: 1763 | CG27: 0.35 | CI27: 1819.875 | CJ27: 0.0125 | CL27: 1818.75 | CM27: 0.09 | CO27: 1818.625 | CP27: 0.04 | CR27: 1821 | CS27: 0.65 | CU27: 1818.125 | CV27: 0.0475 | CX27: 3293.75 | CY27: 1.25 | DA27: 3990 | DB27: 30.7725 | DD27: 3988.375 | DE27: 123.5 | DG27: 3990.75 | DH27: 0.97 | DJ27: 3990.75 | DK27: 10.7675 | DM27: 3988.75 | DN27: 0.01 | DP27: 3991.875 | DQ27: -0.3 | DS27: 3989.5 | DT27: 2.895 | DV27: 3988.125 | DW27: 0.3 | DY27: 3988.375 | DZ27: 1.1 | EB27: 3988.5 | EC27: 0.0975 | EE27: 3991.875 | EF27: 0.305 | EH27: 3311.375 | EI27: 0.2925 | EK27: 1200 | EL27: -0.0125 | EN27: 1.375 | EO27: -0.0175 | EQ27: 2
A28: 3.3652 | B28: 15.445 | D28: 7393.125 | E28: -0.0075 | G28: 1.375 | H28: -0.005 | J28: 1.125 | K28: -0.0775 | M28: 1 | N28: 8.0225 | P28: 4603 | Q28: 3.27 | S28: 1803.625 | T28: 10.7025 | V28: 1056.25 | W28: 2.05 | Y28: 922.75 | Z28: 1.2 | AB28: 502.75 | AC28: 0.0125 | AE28: 1.375 | AF28: 0.005 | AH28: 1.75 | AI28: 0.0425 | AK28: 1819.875 | AL28: 0.0425 | AN28: 1.375 | AO28: 0 | AQ28: 1.625 | AR28: 54.4625 | AT28: 1291.125 | AU28: 0.085 | AW28: 2993.75 | AX28: 8.1575 | AZ28: 1801.125 | BA28: 0.0075 | BC28: 1818 | BF28: 0.5275 | BH28: 1805.875 | BI28: 0.0225 | BK28: 1.25 | BL28: 7.15 | BN28: 3508.875 | BO28: -0.0175 | BQ28: 1818.875 | BR28: 0.0425 | BT28: 1820.625 | BU28: 0 | BW28: 1817.75 | BX28: 1.5 | BZ28: 1820.75 | CA28: 0.1825 | CC28: 1819.125 | CD28: 538.78 | CF28: 1764 | CG28: 0.4 | CI28: 1819.625 | CJ28: 0.035 | CL28: 1819.875 | CM28: 0.19 | CO28: 1819.75 | CP28: 0.035 | CR28: 1822.25 | CS28: 0.1 | CU28: 1821 | CV28: -0.0025 | CX28: 3295.625 | CY28: 0.95 | DA28: 3990.625 | DB28: 30.63 | DD28: 3986.125 | DE28: 126.9 | DG28: 3989.875 | DH28: 0.9675 | DJ28: 3989.125 | DK28: 10.645 | DM28: 3990 | DN28: 0.0475 | DP28: 3989.375 | DQ28: 0 | DS28: 3988.25 | DT28: 2.97 | DV28: 3987.125 | DW28: 0.95 | DY28: 3989.375 | DZ28: 0.35 | EB28: 3991.375 | EC28: 0.02 | EE28: 3991.5 | EF28: 0.23 | EH28: 3311.75 | EI28: 0.345 | EK28: 1200.375 | EL28: 0.0125 | EN28: 1.25 | EO28: 0.005 | EQ28: 0.75
A29: 3.4612 | B29: 15.1675 | C29: 112.1599 | D29: 7394.75 | E29: -0.0175 | F29: 0 | G29: 1.5 | H29: -0.04 | I29: -0.0001 | J29: 1.375 | K29: -0.03 | L29: -0.0001 | M29: 2 | N29: 7.9925 | O29: 36.7925 | P29: 4603.375 | Q29: 2.9925 | R29: 5.3936 | S29: 1802.375 | T29: 9.7425 | U29: 10.3039 | V29: 1057.625 | W29: 3.9 | X29: 3.5909 | Y29: 920.75 | Z29: 1.4 | AA29: 0.7023 | AB29: 501.625 | AC29: -0.005 | AD29: 0 | AE29: 2.5 | AF29: -0.0025 | AG29: 0 | AH29: 1 | AI29: 0.0125 | AJ29: 0.0228 | AK29: 1820.5 | AL29: 0.0175 | AM29: 0 | AN29: 0.5 | AO29: 0.4 | AP29: 0.0003 | AQ29: 0.75 | AR29: 52.53 | AS29: 67.8885 | AT29: 1292.375 | AU29: 0.045 | AV29: 0.1347 | AW29: 2992.875 | AX29: 7.855 | AY29: 14.1311 | AZ29: 1799 | BA29: 0.035 | BB29: 0.0636 | BC29: 1818.125 | BF29: 2.58 | BG29: 4.6575 | BH29: 1805.25 | BI29: -0.0125 | BJ29: 0 | BK29: 1.5 | BL29: 5.3 | BM29: 18.605 | BN29: 3510.375 | BO29: 0.0625 | BP29: 0.1138 | BQ29: 1820.75 | BR29: 0 | BS29: 0 | BT29: 1821.5 | BU29: 0.9 | BV29: 1.6362 | BW29: 1818 | BX29: 2.25 | BY29: 4.0961 | BZ29: 1820.5 | CA29: 0.17 | CB29: 0.3089 | CC29: 1817.25 | CD29: 538.985 | CE29: 951.9823 | CF29: 1766.25 | CG29: 0.45 | CH29: 0.8184 | CI29: 1818.75 | CJ29: 0.02 | CK29: 0.0363 | CL29: 1817.125 | CM29: 0.16 | CN29: 0.2911 | CO29: 1819.125 | CP29: 0.075 | CQ29: 0.1365 | CR29: 1820.375 | CS29: 0.4 | CT29: 0.7284 | CU29: 1820.875 | CV29: 0.025 | CW29: 0.0823 | CX29: 3292.5 | CY29: 1.45 | CZ29: 5.7842 | DA29: 3989.125 | DB29: 30.2225 | DC29: 120.4858 | DD29: 3986.625 | DE29: 113.8 | DF29: 454.3465 | DG29: 3992.5 | DH29: 0.995 | DI29: 3.9692 | DJ29: 3989.125 | DK29: 10.7375 | DL29: 42.8359 | DM29: 3989.375 | DN29: 0.0725 | DO29: 0.2892 | DP29: 3989.125 | DQ29: -0.65 | DR29: -2.5942 | DS29: 3991.125 | DT29: 2.875 | DU29: 11.4612 | DV29: 3986.5 | DW29: 0.7 | DX29: 2.7941 | DY29: 3991.625 | DZ29: 0.95 | EA29: 3.7911 | EB29: 3990.625 | EC29: 0.06 | ED29: 0.2395 | EE29: 3992 | EF29: 1.2725 | EG29: 4.214 | EH29: 3311.625 | EI29: 0.3925 | EJ29: 0.4717 | EK29: 1201.75 | EL29: 0.005 | EM29: 0 | EN29: 1.5 | EO29: 0.005 | EP29: 0 | EQ29: 2.5
A30: 3.5572 | B30: 13.5425 | C30: 100.1383 | D30: 7394.375 | E30: -0.01 | F30: 0 | G30: 0.75 | H30: -0.0125 | I30: 0 | J30: 1.125 | K30: -0.01 | L30: 0 | M30: 1.375 | N30: 7.9775 | O30: 36.7314 | P30: 4604.375 | Q30: 3.28 | R30: 5.9188 | S30: 1804.5 | T30: 7.2175 | U30: 7.6361 | V30: 1058 | W30: 3.8 | X30: 3.4927 | Y30: 919.125 | Z30: 1.65 | AA30: 0.8306 | AB30: 503.375 | AC30: 0.0025 | AD30: 0 | AE30: 0 | AF30: 0.0175 | AG30: 0 | AH30: 1.625 | AI30: 0 | AJ30: 0 | AK30: 1820.875 | AL30: 0.0075 | AM30: 0 | AN30: 1.875 | AO30: -0.7 | AP30: -0.0014 | AQ30: 2 | AR30: 46.75 | AS30: 60.588 | AT30: 1296 | AU30: 0.085 | AV30: 0.2544 | AW30: 2992.875 | AX30: 7.0875 | AY30: 12.7637 | AZ30: 1800.875 | BA30: 0.0075 | BB30: 0.0136 | BC30: 1819.625 | BF30: 1.47 | BG30: 2.657 | BH30: 1807.5 | BI30: -0.015 | BJ30: 0 | BK30: 1.625 | BL30: 3.7 | BM30: 12.9902 | BN30: 3510.875 | BO30: 0.05 | BP30: 0.0911 | BQ30: 1822.25 | BR30: 0.0325 | BS30: 0.0592 | BT30: 1821.5 | BU30: 0.15 | BV30: 0.2727 | BW30: 1818.125 | BX30: 2.65 | BY30: 4.8263 | BZ30: 1821.25 | CA30: 0.1675 | CB30: 0.3047 | CC30: 1819 | CD30: 538.5025 | CE30: 949.9184 | CF30: 1764 | CG30: 0.1 | CH30: 0.182 | CI30: 1820.25 | CJ30: 0.045 | CK30: 0.0819 | CL30: 1819.5 | CM30: 0.07 | CN30: 0.1274 | CO30: 1820.125 | CP30: 0.0375 | CQ30: 0.0682 | CR30: 1819.875 | CS30: 0.05 | CT30: 0.091 | CU30: 1819.75 | CV30: 0.025 | CW30: 0.0823 | CX30: 3292.125 | CY30: 1.95 | CZ30: 7.781 | DA30: 3990.25 | DB30: 27.79 | DC30: 110.823 | DD30: 3987.875 | DE30: 110.6 | DF30: 441.6258 | DG30: 3993 | DH30: 0.9725 | DI30: 3.8803 | DJ30: 3990 | DK30: 10.6975 | DL30: 42.7031 | DM30: 3991.875 | DN30: -0.01 | DO30: -0.0399 | DP30: 3993.375 | DQ30: -0.45 | DR30: -1.7956 | DS30: 3990.25 | DT30: 2.99 | DU30: 11.9267 | DV30: 3988.875 | DW30: 0.55 | DX30: 2.1956 | DY30: 3992 | DZ30: 0.95 | EA30: 3.793 | EB30: 3992.625 | EC30: 0.115 | ED30: 0.4593 | EE30: 3993.75 | EF30: 0.28 | EG30: 0.9272 | EH30: 3311.5 | EI30: 0.3525 | EJ30: 0.4231 | EK30: 1200.25 | EL30: 0.035 | EM30: 0 | EN30: 1 | EO30: 0 | EP30: 0 | EQ30: 1.25
A31: 3.6532 | B31: 15.2975 | C31: 113.1002 | D31: 7393.375 | E31: -0.0025 | F31: 0 | G31: 2.25 | H31: -0.015 | I31: 0 | J31: 0.75 | K31: 0.0025 | L31: 0 | M31: 1.75 | N31: 7.995 | O31: 36.818 | P31: 4605.125 | Q31: 2.9375 | R31: 5.3026 | S31: 1805.125 | T31: 10.815 | U31: 11.4152 | V31: 1055.5 | W31: 1.75 | X31: 1.6122 | Y31: 921.25 | Z31: 0.85 | AA31: 0.428 | AB31: 503.5 | AC31: -0.0075 | AD31: 0 | AE31: 1.25 | AF31: -0.015 | AG31: 0 | AH31: 1 | AI31: 0.005 | AJ31: 0.0091 | AK31: 1821.25 | AL31: -0.015 | AM31: 0 | AN31: 1.875 | AO31: 0.45 | AP31: 0.0007 | AQ31: 1.625 | AR31: 52.8025 | AS31: 68.2142 | AT31: 1291.875 | AU31: 0.075 | AV31: 0.2244 | AW31: 2992.5 | AX31: 7.84 | AY31: 14.114 | AZ31: 1800.25 | BA31: 0.0425 | BB31: 0.0773 | BC31: 1818.375 | BF31: 2.9525 | BG31: 5.3282 | BH31: 1804.625 | BI31: 0 | BJ31: 0 | BK31: 0.75 | BL31: 12.25 | BM31: 42.9133 | BN31: 3503.125 | BO31: 0.035 | BP31: 0.0637 | BQ31: 1821.375 | BR31: 0.045 | BS31: 0.0819 | BT31: 1819.375 | BU31: 0.35 | BV31: 0.6366 | BW31: 1818.75 | BX31: 2.5 | BY31: 4.5497 | BZ31: 1819.875 | CA31: 0.2075 | CB31: 0.3777 | CC31: 1820.25 | CD31: 538.48 | CE31: 949.6095 | CF31: 1763.5 | CG31: 0.65 | CH31: 1.1834 | CI31: 1820.625 | CJ31: 0.01 | CK31: 0.0182 | CL31: 1819.625 | CM31: 0.2125 | CN31: 0.3869 | CO31: 1820.625 | CP31: -0.0275 | CQ31: -0.0501 | CR31: 1821.625 | CS31: -0.35 | CT31: -0.6369 | CU31: 1819.75 | CV31: 0.0275 | CW31: 0.0905 | CX31: 3290.125 | CY31: 1.9 | CZ31: 7.5836 | DA31: 3991.375 | DB31: 29.8625 | DC31: 119.073 | DD31: 3987.375 | DE31: 110.55 | DF31: 441.3156 | DG31: 3992 | DH31: 0.9425 | DI31: 3.7607 | DJ31: 3990.125 | DK31: 10.9075 | DL31: 43.4964 | DM31: 3987.75 | DN31: 0.0625 | DO31: 0.2494 | DP31: 3990.25 | DQ31: 0 | DR31: 0 | DS31: 3988.625 | DT31: 2.75 | DU31: 10.9677 | DV31: 3988.25 | DW31: 0.95 | DX31: 3.7913 | DY31: 3990.875 | DZ31: 0.35 | EA31: 1.3967 | EB31: 3990.5 | EC31: 0.06 | ED31: 0.2395 | EE31: 3991.75 | EF31: 1.145 | EG31: 3.7927 | EH31: 3312.375 | EI31: 0.3425 | EJ31: 0.4109 | EK31: 1199.75 | EL31: -0.005 | EM31: 0 | EN31: 2 | EO31: 0.015 | EP31: 0 | EQ31: 1.75
A32: 3.7492 | B32: 15.28 | D32: 7394.125 | E32: -0.015 | G32: 1.125 | H32: -0.045 | J32: 1.125 | K32: -0.035 | M32: 1.125 | N32: 7.965 | P32: 4604.75 | Q32: 3.57 | S32: 1802.125 | T32: 10.065 | V32: 1058.125 | W32: 3.3 | Y32: 921.125 | Z32: 1.8 | AB32: 505.5 | AC32: 0.0125 | AE32: 1.375 | AF32: -0.0325 | AH32: 0.75 | AI32: 0.05 | AK32: 1821.625 | AL32: -0.005 | AN32: 1.375 | AO32: 0.4 | AQ32: 2.375 | AR32: 54.3925 | AT32: 1290.875 | AU32: 0.0925 | AW32: 2991.25 | AX32: 7.8875 | AZ32: 1800 | BA32: 0.0425 | BC32: 1818.875 | BF32: 0.4125 | BH32: 1805.875 | BI32: -0.01 | BK32: 1.25 | BL32: 5.35 | BN32: 3509 | BO32: 0.0675 | BQ32: 1821.75 | BR32: 0.035 | BT32: 1819.5 | BU32: 0.55 | BW32: 1817.75 | BX32: 2.35 | BZ32: 1820.625 | CA32: 0.23 | CC32: 1817 | CD32: 538.84 | CF32: 1764.875 | CG32: 1.2 | CI32: 1818.375 | CJ32: 0.055 | CL32: 1817.375 | CM32: 0.1325 | CO32: 1821 | CP32: 0.0475 | CR32: 1821.125 | CS32: -0.25 | CU32: 1820.375 | CV32: 0.0025 | CX32: 3292.25 | CY32: -0.05 | DA32: 3987.375 | DB32: 30.9625 | DD32: 3986.75 | DE32: 126.6 | DG32: 3990.875 | DH32: 0.9625 | DJ32: 3988.25 | DK32: 10.72 | DM32: 3987.125 | DN32: 0.06 | DP32: 3989.5 | DQ32: -0.35 | DS32: 3988.625 | DT32: 2.91 | DV32: 3985.625 | DW32: 0.6 | DY32: 3990.75 | DZ32: 0.7 | EB32: 3988 | EC32: -0.035 | EE32: 3989.25 | EF32: 0.2575 | EH32: 3311.375 | EI32: 0.3125 | EK32: 1199 | EL32: -0.0125 | EN32: 1.75 | EO32: 0.0225 | EQ32: 0.5
A33: 3.8452 | B33: 15.4925 | D33: 7395 | E33: 0.0025 | G33: 1.25 | H33: -0.0075 | J33: 1.75 | K33: -0.015 | M33: 2.25 | N33: 7.9625 | P33: 4602.875 | Q33: 3.24 | S33: 1802.25 | T33: 11.35 | V33: 1057.5 | W33: 2.95 | Y33: 919.25 | Z33: 1.65 | AB33: 503 | AC33: -0.035 | AE33: 0.75 | AF33: -0.0525 | AH33: 0.75 | AI33: 0.005 | AK33: 1819.375 | AL33: 0.0275 | AN33: 2.5 | AO33: -0.3 | AQ33: 2.25 | AR33: 54.185 | AT33: 1289.5 | AU33: 0.15 | AW33: 2992.25 | AX33: 7.8925 | AZ33: 1802.125 | BA33: 0.05 | BC33: 1818.25 | BF33: 1.965 | BH33: 1806.125 | BI33: 0.0175 | BK33: 2 | BL33: 11 | BN33: 3506.5 | BO33: 0.0525 | BQ33: 1819.5 | BR33: 0.01 | BT33: 1820.25 | BU33: -0.2 | BW33: 1819.625 | BX33: 1.65 | BZ33: 1820.75 | CA33: 0.16 | CC33: 1820.375 | CD33: 538.32 | CF33: 1764.5 | CG33: 0.25 | CI33: 1822.25 | CJ33: 0.04 | CL33: 1816 | CM33: 0.1525 | CO33: 1818.75 | CP33: 0.0175 | CR33: 1821.25 | CS33: 0.05 | CU33: 1820.625 | CV33: 0.025 | CX33: 3294 | CY33: 0.8 | DA33: 3988.125 | DB33: 30.2775 | DD33: 3987.75 | DE33: 114.7 | DG33: 3990.75 | DH33: 1 | DJ33: 3990.375 | DK33: 10.7225 | DM33: 3987.5 | DN33: 0.0825 | DP33: 3989.75 | DQ33: -0.35 | DS33: 3989 | DT33: 2.895 | DV33: 3986.75 | DW33: 0.6 | DY33: 3991.875 | DZ33: 1.25 | EB33: 3990.625 | EC33: 0.0475 | EE33: 3988.625 | EF33: 1.11 | EH33: 3311.875 | EI33: 0.3775 | EK33: 1197.75 | EL33: -0.0225 | EN33: 2 | EO33: 0.01 | EQ33: 1
A34: 3.9412 | B34: 13.895 | C34: 102.7709 | D34: 7396.25 | E34: 0.0275 | F34: 0 | G34: 1.625 | H34: -0.0275 | I34: 0 | J34: 1.375 | K34: -0.015 | L34: 0 | M34: 0.5 | N34: 7.91 | O34: 36.3959 | P34: 4601.25 | Q34: 2.9 | R34: 5.2305 | S34: 1803.625 | T34: 7.39 | U34: 7.814 | V34: 1057.375 | W34: 2.25 | X34: 2.0725 | Y34: 921.125 | Z34: 1.1 | AA34: 0.5534 | AB34: 503.125 | AC34: 0.0175 | AD34: 0 | AE34: 0.5 | AF34: 0.0025 | AG34: 0 | AH34: 0.5 | AI34: 0.025 | AJ34: 0.0455 | AK34: 1819.25 | AL34: -0.0225 | AM34: 0 | AN34: 2 | AO34: -0.35 | AP34: -0.0004 | AQ34: 1.25 | AR34: 48.5975 | AS34: 62.794 | AT34: 1292.125 | AU34: 0.0725 | AV34: 0.2169 | AW34: 2992.25 | AX34: 7.4525 | AY34: 13.4164 | AZ34: 1800.25 | BA34: 0.0225 | BB34: 0.0409 | BC34: 1818.875 | BF34: 1.04 | BG34: 1.8777 | BH34: 1805.5 | BI34: -0.0125 | BJ34: 0 | BK34: 2.5 | BL34: 4 | BM34: 14.0485 | BN34: 3512.125 | BO34: 0.0875 | BP34: 0.1591 | BQ34: 1818.75 | BR34: 0.035 | BS34: 0.0637 | BT34: 1820.875 | BU34: 0.05 | BV34: 0.0909 | BW34: 1818.625 | BX34: 2.3 | BY34: 4.1866 | BZ34: 1820.25 | CA34: 0.1825 | CB34: 0.3321 | CC34: 1819.625 | CD34: 538.5125 | CE34: 949.2629 | CF34: 1762.75 | CG34: -0.6 | CH34: -1.0924 | CI34: 1820.625 | CJ34: 0.0075 | CK34: 0.0136 | CL34: 1817.875 | CM34: 0.21 | CN34: 0.3821 | CO34: 1819.375 | CP34: 0.01 | CQ34: 0.0182 | CR34: 1820.25 | CS34: 0.8 | CT34: 1.4553 | CU34: 1819.125 | CV34: 7.375 | CW34: 24.2333 | CX34: 3285.875 | CY34: 0.65 | CZ34: 2.593 | DA34: 3989.25 | DB34: 25.9175 | DC34: 103.3849 | DD34: 3989 | DE34: 111.4 | DF34: 444.6113 | DG34: 3991.125 | DH34: 0.9325 | DI34: 3.7225 | DJ34: 3992 | DK34: 10.76 | DL34: 42.9337 | DM34: 3990.125 | DN34: 0.015 | DO34: 0.0598 | DP34: 3989.75 | DQ34: 0.45 | DR34: 1.7955 | DS34: 3990 | DT34: 2.6625 | DU34: 10.6171 | DV34: 3987.625 | DW34: 0.35 | DX34: 1.3973 | DY34: 3992.25 | DZ34: 0.55 | EA34: 2.1959 | EB34: 3992.625 | EC34: 0.02 | ED34: 0.0798 | EE34: 3990 | EF34: 2.59 | EG34: 8.58 | EH34: 3312.75 | EI34: 0.4275 | EJ34: 0.513 | EK34: 1200 | EL34: -0.0075 | EM34: 0 | EN34: 1.625 | EO34: 0 | EP34: 0 | EQ34: 0.75
A35: 4.0372 | B35: 15.355 | C35: 113.531 | D35: 7393.75 | E35: 0.0125 | F35: 0 | G35: 1.25 | H35: -0.035 | I35: 0 | J35: 1 | K35: -0.0025 | L35: 0 | M35: 1.125 | N35: 7.9775 | O35: 36.7294 | P35: 4604.125 | Q35: 3.5875 | R35: 6.4669 | S35: 1802.625 | T35: 12.9725 | U35: 13.7411 | V35: 1059.25 | W35: 3.45 | X35: 3.1805 | Y35: 921.875 | Z35: 1.25 | AA35: 0.6289 | AB35: 503.125 | AC35: -0.015 | AD35: 0 | AE35: 0.25 | AF35: 0.0125 | AG35: 0 | AH35: 1.375 | AI35: 0.03 | AJ35: 0.0547 | AK35: 1822.5 | AL35: 0 | AM35: 0 | AN35: 2.625 | AO35: -0.2 | AP35: -0.0001 | AQ35: 0.25 | AR35: 54.8225 | AS35: 70.9266 | AT35: 1293.75 | AU35: 0.07 | AV35: 0.2094 | AW35: 2991 | AX35: 7.805 | AY35: 14.0412 | AZ35: 1799 | BA35: 0.04 | BB35: 0.0727 | BC35: 1818.75 | BF35: 0.625 | BG35: 1.1278 | BH35: 1804.5 | BI35: -0.03 | BJ35: -0.0001 | BK35: 2.375 | BL35: 5.05 | BM35: 17.7103 | BN35: 3507 | BO35: 0.0425 | BP35: 0.0774 | BQ35: 1821 | BR35: -0.0175 | BS35: -0.0319 | BT35: 1822 | BU35: -0.3 | BV35: -0.5457 | BW35: 1819 | BX35: 2.05 | BY35: 3.7351 | BZ35: 1822 | CA35: 0.17 | CB35: 0.3093 | CC35: 1819.375 | CD35: 538.4175 | CE35: 950.5088 | CF35: 1765.375 | CG35: -0.05 | CH35: -0.091 | CI35: 1819.5 | CJ35: 0.005 | CK35: 0.0091 | CL35: 1817.125 | CM35: 0.0525 | CN35: 0.0956 | CO35: 1821.125 | CP35: 0.025 | CQ35: 0.0455 | CR35: 1820.375 | CS35: 0.35 | CT35: 0.637 | CU35: 1819.875 | CV35: 0.01 | CW35: 0.033 | CX35: 3295.125 | CY35: 1.25 | CZ35: 4.9861 | DA35: 3988.875 | DB35: 30.5525 | DC35: 121.8663 | DD35: 3988.75 | DE35: 116.25 | DF35: 464.2298 | DG35: 3993.375 | DH35: 0.9475 | DI35: 3.7793 | DJ35: 3988.75 | DK35: 10.7275 | DL35: 42.7786 | DM35: 3987.75 | DN35: 0.05 | DO35: 0.1997 | DP35: 3994.375 | DQ35: 0.2 | DR35: 0.7977 | DS35: 3988.375 | DT35: 2.7275 | DU35: 10.8722 | DV35: 3986.125 | DW35: 0.5 | DX35: 1.9962 | DY35: 3992.375 | DZ35: 0.65 | EA35: 2.5946 | EB35: 3991.75 | EC35: 0.035 | ED35: 0.1397 | EE35: 3992.75 | EF35: 0.265 | EG35: 0.8777 | EH35: 3312.125 | EI35: 0.315 | EJ35: 0.3778 | EK35: 1199.25 | EL35: 0.0225 | EM35: 0.0001 | EN35: 2.625 | EO35: -0.0125 | EP35: 0 | EQ35: 1.5
A36: 4.1332 | B36: 15.2725 | C36: 112.9459 | D36: 7395.375 | E36: 0.005 | F36: 0 | G36: 2.125 | H36: -0.03 | I36: 0 | J36: 0.5 | K36: 0 | L36: 0 | M36: 1.75 | N36: 8.005 | O36: 36.867 | P36: 4605.5 | Q36: 3.2775 | R36: 5.9085 | S36: 1802.75 | T36: 10.59 | U36: 11.2108 | V36: 1058.625 | W36: 4.2 | X36: 3.8687 | Y36: 921.125 | Z36: 1.7 | AA36: 0.8566 | AB36: 503.875 | AC36: -0.0025 | AD36: 0 | AE36: 1.25 | AF36: 0.0075 | AG36: 0 | AH36: 1.5 | AI36: 0.015 | AJ36: 0.0273 | AK36: 1820.5 | AL36: -0.0425 | AM36: 0 | AN36: 0.25 | AO36: -0.25 | AP36: -0.0006 | AQ36: 2.25 | AR36: 53.195 | AS36: 68.708 | AT36: 1291.625 | AU36: 0.0825 | AV36: 0.247 | AW36: 2994.125 | AX36: 7.915 | AY36: 14.244 | AZ36: 1799.625 | BA36: 0.0275 | BB36: 0.05 | BC36: 1819.25 | BF36: 2.715 | BG36: 4.9023 | BH36: 1805.625 | BI36: 0.015 | BJ36: 0 | BK36: 1.375 | BL36: 8.2 | BM36: 28.7769 | BN36: 3509.375 | BO36: 0.0525 | BP36: 0.0958 | BQ36: 1824.375 | BR36: 0.0025 | BS36: 0.0046 | BT36: 1821.5 | BU36: 0.5 | BV36: 0.9103 | BW36: 1820.5 | BX36: 2.05 | BY36: 3.7289 | BZ36: 1819 | CA36: 0.1925 | CB36: 0.3507 | CC36: 1821.75 | CD36: 538.6475 | CE36: 949.8375 | CF36: 1763.375 | CG36: -0.15 | CH36: -0.2733 | CI36: 1822.25 | CJ36: 0.0075 | CK36: 0.0136 | CL36: 1818 | CM36: 0.2425 | CN36: 0.4413 | CO36: 1819.75 | CP36: 0.0175 | CQ36: 0.0319 | CR36: 1821.625 | CS36: 0.35 | CT36: 0.6374 | CU36: 1821.125 | CV36: 0.0225 | CW36: 0.074 | CX36: 3290.625 | CY36: 0.7 | CZ36: 2.7933 | DA36: 3990.375 | DB36: 29.79 | DC36: 118.877 | DD36: 3990.5 | DE36: 120.15 | DF36: 479.5637 | DG36: 3991.375 | DH36: 0.8825 | DI36: 3.5214 | DJ36: 3990.25 | DK36: 10.7075 | DL36: 42.7082 | DM36: 3988.625 | DN36: 0.0425 | DO36: 0.1696 | DP36: 3989.625 | DQ36: 0.6 | DR36: 2.3943 | DS36: 3990.5 | DT36: 2.905 | DU36: 11.5884 | DV36: 3989.125 | DW36: 0.8 | DX36: 3.1925 | DY36: 3990.625 | DZ36: 0.3 | EA36: 1.1973 | EB36: 3991 | EC36: 0.035 | ED36: 0.1397 | EE36: 3991.5 | EF36: 0.39 | EG36: 1.2923 | EH36: 3313.5 | EI36: 0.315 | EJ36: 0.3777 | EK36: 1199.125 | EL36: 0.01 | EM36: 0 | EN36: 1.375 | EO36: 0.0075 | EP36: 0 | EQ36: 1
A37: 4.2292 | B37: 16.1875 | C37: 119.6904 | D37: 7394 | E37: 0.0325 | F37: 0.0001 | G37: 2 | H37: -0.0325 | I37: 0 | J37: 1.375 | K37: -0.035 | L37: -0.0001 | M37: 2.125 | N37: 7.9825 | O37: 36.7684 | P37: 4606.125 | Q37: 3.5425 | R37: 6.3929 | S37: 1804.625 | T37: 11.535 | U37: 12.2141 | V37: 1058.875 | W37: 3.75 | X37: 3.4481 | Y37: 919.5 | Z37: 1.15 | AA37: 0.5793 | AB37: 503.75 | AC37: -0.01 | AD37: 0 | AE37: 0.5 | AF37: 0 | AG37: 0 | AH37: 0.5 | AI37: 0.005 | AJ37: 0.0091 | AK37: 1821.125 | AL37: -0.0125 | AM37: 0 | AN37: 1 | AO37: -0.7 | AP37: -0.0014 | AQ37: 2 | AR37: 54.905 | AS37: 70.7451 | AT37: 1288.5 | AU37: 0.0975 | AV37: 0.2918 | AW37: 2992.875 | AX37: 7.925 | AY37: 14.2799 | AZ37: 1801.875 | BA37: 0.005 | BB37: 0.0091 | BC37: 1818.875 | BF37: 2.895 | BG37: 5.2262 | BH37: 1805.25 | BI37: -0.0125 | BJ37: 0 | BK37: 1.375 | BL37: 4.45 | BM37: 15.6228 | BN37: 3510.75 | BO37: 0.0175 | BP37: 0.0318 | BQ37: 1818.875 | BR37: 0.005 | BS37: 0.0091 | BT37: 1820.625 | BU37: 0.45 | BV37: 0.819 | BW37: 1820 | BX37: 1.95 | BY37: 3.5519 | BZ37: 1821.5 | CA37: 0.2075 | CB37: 0.3772 | CC37: 1817.875 | CD37: 538.7325 | CE37: 949.8527 | CF37: 1763.125 | CG37: 0.5 | CH37: 0.9104 | CI37: 1820.875 | CJ37: -0.025 | CK37: -0.0455 | CL37: 1819.875 | CM37: 0.1575 | CN37: 0.2863 | CO37: 1817.75 | CP37: 0.065 | CQ37: 0.1183 | CR37: 1820.625 | CS37: 0.15 | CT37: 0.2728 | CU37: 1818.5 | CV37: 0.035 | CW37: 0.1154 | CX37: 3295.75 | CY37: 1.85 | CZ37: 7.3806 | DA37: 3989.5 | DB37: 35.0925 | DC37: 139.8787 | DD37: 3986 | DE37: 121.6 | DF37: 485.3208 | DG37: 3991.125 | DH37: 0.98 | DI37: 3.9085 | DJ37: 3988.25 | DK37: 10.7475 | DL37: 42.8597 | DM37: 3987.875 | DN37: 0.01 | DO37: 0.0399 | DP37: 3991.375 | DQ37: 0.25 | DR37: 0.997 | DS37: 3988 | DT37: 2.77 | DU37: 11.0353 | DV37: 3983.875 | DW37: 0.85 | DX37: 3.3891 | DY37: 3987.125 | DZ37: 0.85 | EA37: 3.3906 | EB37: 3989 | EC37: 0.0525 | ED37: 0.2096 | EE37: 3992 | EF37: 0.2625 | EG37: 0.8692 | EH37: 3311.25 | EI37: 0.34 | EJ37: 0.4074 | EK37: 1198.375 | EL37: 0.03 | EM37: 0 | EN37: 1.375 | EO37: 0.02 | EP37: 0 | EQ37: 0.5
A38: 4.3252 | B38: 15.305 | D38: 7394.375 | E38: 0.0125 | G38: 2.625 | H38: -0.005 | J38: 2.25 | K38: -0.0225 | M38: 2.625 | N38: 7.9375 | P38: 4604.125 | Q38: 2.95 | S38: 1804.375 | T38: 11.7475 | V38: 1056.75 | W38: 2.55 | Y38: 920.875 | Z38: 1.55 | AB38: 503.375 | AC38: -0.0275 | AE38: 1.875 | AF38: 0.025 | AH38: 1 | AI38: -0.005 | AK38: 1820.625 | AL38: 0.0275 | AN38: 1.625 | AO38: -0.45 | AQ38: 2.75 | AR38: 52.1525 | AT38: 1291.25 | AU38: 0.1075 | AW38: 2990 | AX38: 7.915 | AZ38: 1799.5 | BA38: 0.0125 | BC38: 1818.75 | BF38: 2.075 | BH38: 1805.375 | BI38: 0.025 | BK38: 1.75 | BL38: 4.95 | BN38: 3509.875 | BO38: -0.0025 | BQ38: 1820.125 | BR38: 0.03 | BT38: 1820.875 | BU38: -0.3 | BW38: 1816.5 | BX38: 1.6 | BZ38: 1820.375 | CA38: 0.2 | CC38: 1821.25 | CD38: 538.49 | CF38: 1763.875 | CG38: 0.05 | CI38: 1819.125 | CJ38: 0.01 | CL38: 1818.625 | CM38: 0.1125 | CO38: 1821.25 | CP38: -0.005 | CR38: 1821.875 | CS38: 0.1 | CU38: 1820 | CV38: 0.015 | CX38: 3288.25 | CY38: 1.05 | DA38: 3990.125 | DB38: 30.38 | DD38: 3988 | DE38: 107.05 | DG38: 3992.25 | DH38: 0.895 | DJ38: 3990.375 | DK38: 10.6825 | DM38: 3989.625 | DN38: 0.065 | DP38: 3989 | DQ38: 0 | DS38: 3991.625 | DT38: 2.635 | DV38: 3987.5 | DW38: -0.15 | DY38: 3989.375 | DZ38: 0 | EB38: 3992.125 | EC38: 0.0875 | EE38: 3992.375 | EF38: 0.26 | EH38: 3310.875 | EI38: 0.3325 | EK38: 1200 | EL38: 0.01 | EN38: 0.75 | EO38: -0.0075 | EQ38: 1.125
A39: 4.4212 | B39: 13.1075 | C39: 96.9316 | D39: 7395.125 | E39: -0.0125 | F39: 0 | G39: 1.875 | H39: -0.0325 | I39: -0.0001 | J39: 2 | K39: -0.02 | L39: 0 | M39: 1.75 | N39: 7.94 | O39: 36.5627 | P39: 4604.875 | Q39: 3.2425 | R39: 5.8499 | S39: 1804.125 | T39: 9.415 | U39: 9.9728 | V39: 1059.25 | W39: 4.25 | X39: 3.9111 | Y39: 920.25 | Z39: 1.55 | AA39: 0.7822 | AB39: 504.625 | AC39: -0.005 | AD39: 0 | AE39: 0.5 | AF39: 0.0525 | AG39: 0.0001 | AH39: 1.625 | AI39: 0 | AJ39: 0 | AK39: 1820.625 | AL39: 0.0225 | AM39: 0 | AN39: 1.5 | AO39: -0.05 | AP39: 0 | AQ39: 0.875 | AR39: 46.6675 | AS39: 60.3936 | AT39: 1294.125 | AU39: 0.0575 | AV39: 0.1721 | AW39: 2992.875 | AX39: 7.075 | AY39: 12.7323 | AZ39: 1799.625 | BA39: 0.0125 | BB39: 0.0227 | BC39: 1818 | BF39: 0.6025 | BG39: 1.088 | BH39: 1805.75 | BI39: 0.0125 | BJ39: 0 | BK39: 0.875 | BL39: 4.65 | BM39: 16.3262 | BN39: 3511 | BO39: 0.0175 | BP39: 0.0319 | BQ39: 1821.375 | BR39: 0.08 | BS39: 0.1457 | BT39: 1820.875 | BU39: 0.05 | BV39: 0.091 | BW39: 1819.25 | BX39: 2.05 | BY39: 3.7323 | BZ39: 1820.625 | CA39: 0.185 | CB39: 0.3367 | CC39: 1819.875 | CD39: 538.435 | CE39: 949.5301 | CF39: 1763.5 | CG39: -0.2 | CH39: -0.3637 | CI39: 1818.625 | CJ39: 0.075 | CK39: 0.1364 | CL39: 1818.625 | CM39: 0.1825 | CN39: 0.332 | CO39: 1819.125 | CP39: 0.04 | CQ39: 0.0728 | CR39: 1820.25 | CS39: -0.1 | CT39: -0.182 | CU39: 1820.25 | CV39: 0.0225 | CW39: 0.0741 | CX39: 3294.5 | CY39: 1 | CZ39: 3.9899 | DA39: 3989.875 | DB39: 29.3625 | DC39: 117.1197 | DD39: 3988.75 | DE39: 114.15 | DF39: 455.6155 | DG39: 3991.375 | DH39: 0.9375 | DI39: 3.7412 | DJ39: 3990.625 | DK39: 10.835 | DL39: 43.2154 | DM39: 3988.5 | DN39: 0.0125 | DO39: 0.0499 | DP39: 3991.625 | DQ39: 0.35 | DR39: 1.3971 | DS39: 3991.75 | DT39: 2.89 | DU39: 11.5282 | DV39: 3989 | DW39: 0.1 | DX39: 0.3987 | DY39: 3986.5 | DZ39: 0.8 | EA39: 3.1926 | EB39: 3990.75 | EC39: 0.03 | ED39: 0.1197 | EE39: 3990 | EF39: 0.265 | EG39: 0.8778 | EH39: 3312.5 | EI39: 0.325 | EJ39: 0.3902 | EK39: 1200.75 | EL39: -0.0075 | EM39: 0 | EN39: 1.375 | EO39: 0.01 | EP39: 0 | EQ39: 1.375
A40: 4.5172 | B40: 15.385 | C40: 113.7605 | D40: 7394.25 | E40: 0.005 | F40: 0 | G40: 1.25 | H40: -0.005 | I40: 0 | J40: 2 | K40: 0.01 | L40: 0 | M40: 1.75 | N40: 7.9475 | O40: 36.5863 | P40: 4603.5 | Q40: 2.895 | R40: 5.22 | S40: 1803.125 | T40: 11.7125 | U40: 12.3977 | V40: 1058.5 | W40: 2.5 | X40: 2.3072 | Y40: 922.875 | Z40: 1.55 | AA40: 0.7837 | AB40: 505.625 | AC40: 0.005 | AD40: 0 | AE40: 0.5 | AF40: 0.0225 | AG40: 0 | AH40: 1.75 | AI40: -0.0075 | AJ40: -0.0137 | AK40: 1821 | AL40: -0.0075 | AM40: 0 | AN40: 1.375 | AO40: 0.05 | AP40: 0 | AQ40: 0.5 | AR40: 53.675 | AS40: 69.3146 | AT40: 1291.375 | AU40: 0.1225 | AV40: 0.3665 | AW40: 2992 | AX40: 7.9225 | AY40: 14.2813 | AZ40: 1802.625 | BA40: -0.005 | BB40: -0.0091 | BC40: 1818.75 | BF40: 1.84 | BG40: 3.324 | BH40: 1806.5 | BI40: 0.025 | BJ40: 0 | BK40: 1.875 | BL40: 7.85 | BM40: 27.5545 | BN40: 3510.125 | BO40: 0.02 | BP40: 0.0365 | BQ40: 1822.625 | BR40: 0.0225 | BS40: 0.041 | BT40: 1820.125 | BU40: 0.8 | BV40: 1.4541 | BW40: 1817.625 | BX40: 2.2 | BY40: 4.0026 | BZ40: 1819.375 | CA40: 0.1925 | CB40: 0.3506 | CC40: 1821.375 | CD40: 538.3725 | CE40: 947.6702 | CF40: 1760.25 | CG40: -0.25 | CH40: -0.4549 | CI40: 1819.5 | CJ40: 0.025 | CK40: 0.0455 | CL40: 1818.75 | CM40: 0.06 | CN40: 0.1092 | CO40: 1820 | CP40: -0.01 | CQ40: -0.0182 | CR40: 1819 | CS40: 0.65 | CT40: 1.1825 | CU40: 1819.25 | CV40: 0.0225 | CW40: 0.074 | CX40: 3287.5 | CY40: 1.95 | CZ40: 7.7764 | DA40: 3987.875 | DB40: 30.47 | DC40: 121.522 | DD40: 3988.25 | DE40: 102.25 | DF40: 408.4504 | DG40: 3994.625 | DH40: 0.95 | DI40: 3.7912 | DJ40: 3990.75 | DK40: 10.715 | DL40: 42.7314 | DM40: 3988 | DN40: 0.0075 | DO40: 0.0299 | DP40: 3991.25 | DQ40: 0.7 | DR40: 2.7927 | DS40: 3989.625 | DT40: 3.2525 | DU40: 12.9702 | DV40: 3987.75 | DW40: 0.9 | DX40: 3.5926 | DY40: 3991.75 | DZ40: 0.3 | EA40: 1.1975 | EB40: 3991.625 | EC40: 0.0825 | ED40: 0.3295 | EE40: 3993.75 | EF40: 0.7325 | EG40: 2.4251 | EH40: 3310.75 | EI40: 0.28 | EJ40: 0.3359 | EK40: 1199.75 | EL40: 0 | EM40: 0 | EN40: 1.625 | EO40: -0.005 | EP40: 0 | EQ40: 0.75
A41: 4.6132 | B41: 12.905 | C41: 95.4325 | D41: 7395 | E41: -0.04 | F41: 0 | G41: 1 | H41: -0.025 | I41: -0.0001 | J41: 2 | K41: -0.0325 | L41: -0.0001 | M41: 2.75 | N41: 7.9525 | O41: 36.6173 | P41: 4604.5 | Q41: 3.21 | R41: 5.7941 | S41: 1805 | T41: 8.8975 | U41: 9.4124 | V41: 1057.875 | W41: 2.05 | X41: 1.8852 | Y41: 919.625 | Z41: 1.15 | AA41: 0.5796 | AB41: 504 | AC41: 0.01 | AD41: 0 | AE41: 0.75 | AF41: 0.01 | AG41: 0 | AH41: 1.75 | AI41: -0.025 | AJ41: -0.0455 | AK41: 1820.625 | AL41: -0.03 | AM41: 0 | AN41: 0.75 | AO41: 0.4 | AP41: 0.0009 | AQ41: 2.125 | AR41: 46.4625 | AS41: 60.0296 | AT41: 1292 | AU41: 0.0975 | AV41: 0.2916 | AW41: 2990.875 | AX41: 7.8575 | AY41: 14.1592 | AZ41: 1802 | BA41: -0.0075 | BB41: -0.0136 | BC41: 1818.125 | BF41: 4.14 | BG41: 7.4799 | BH41: 1806.75 | BI41: 0.0075 | BJ41: 0 | BK41: 1.5 | BL41: 10.05 | BM41: 35.2906 | BN41: 3511.5 | BO41: 0.0575 | BP41: 0.1048 | BQ41: 1823.125 | BR41: 0.0225 | BS41: 0.041 | BT41: 1821.625 | BU41: -0.1 | BV41: -0.1819 | BW41: 1818.5 | BX41: 1.65 | BY41: 3.0051 | BZ41: 1821.25 | CA41: 0.195 | CB41: 0.3547 | CC41: 1819 | CD41: 538.575 | CE41: 950.2483 | CF41: 1764.375 | CG41: 1.2 | CH41: 2.1868 | CI41: 1822.375 | CJ41: 0.01 | CK41: 0.0182 | CL41: 1818.875 | CM41: 0.2 | CN41: 0.3637 | CO41: 1818.625 | CP41: -0.03 | CQ41: -0.0547 | CR41: 1823 | CS41: 0.85 | CT41: 1.5469 | CU41: 1819.875 | CV41: 0.0375 | CW41: 0.1233 | CX41: 3287.875 | CY41: 0.75 | CZ41: 2.9937 | DA41: 3991.625 | DB41: 25.95 | DC41: 103.5016 | DD41: 3988.5 | DE41: 118.25 | DF41: 471.9357 | DG41: 3991 | DH41: 0.9975 | DI41: 3.9789 | DJ41: 3988.875 | DK41: 10.755 | DL41: 42.9165 | DM41: 3990.375 | DN41: 0.0425 | DO41: 0.1697 | DP41: 3993.625 | DQ41: 0.2 | DR41: 0.7981 | DS41: 3990.5 | DT41: 2.77 | DU41: 11.0426 | DV41: 3986.5 | DW41: 0.35 | DX41: 1.3961 | DY41: 3988.75 | DZ41: 1.05 | EA41: 4.1902 | EB41: 3990.625 | EC41: 0.0225 | ED41: 0.0898 | EE41: 3990.5 | EF41: 6.4975 | EG41: 21.523 | EH41: 3312.5 | EI41: 0.355 | EJ41: 0.4259 | EK41: 1199.75 | EL41: 0.0075 | EM41: 0 | EN41: 2 | EO41: 0.0075 | EP41: 0 | EQ41: 1
A42: 4.7092 | B42: 17.73 | C42: 131.0757 | D42: 7392.875 | E42: 0.0325 | F42: 0 | G42: 0.875 | H42: -0.0575 | I42: -0.0001 | J42: 1.875 | K42: -0.035 | L42: -0.0001 | M42: 1.625 | N42: 7.9825 | O42: 36.7594 | P42: 4605 | Q42: 4.2775 | R42: 7.7161 | S42: 1803.875 | T42: 10.7425 | U42: 11.3602 | V42: 1057.5 | W42: 4.05 | X42: 3.73 | Y42: 921 | Z42: 2.55 | AA42: 1.2804 | AB42: 502.125 | AC42: -0.015 | AD42: 0 | AE42: 1.375 | AF42: 0.03 | AG42: 0 | AH42: 1.375 | AI42: 0.0575 | AJ42: 0.1046 | AK42: 1820 | AL42: 0.0025 | AM42: 0 | AN42: 1.5 | AO42: 0.05 | AP42: 0.0001 | AQ42: 2 | AR42: 60.18 | AS42: 77.6397 | AT42: 1290.125 | AU42: 0.1025 | AV42: 0.3065 | AW42: 2990.625 | AX42: 8.71 | AY42: 15.6573 | AZ42: 1797.625 | BA42: -0.015 | BB42: -0.0273 | BC42: 1820.75 | BF42: 1.9625 | BG42: 3.5467 | BH42: 1807.25 | BI42: -0.0075 | BJ42: 0 | BK42: 2.375 | BL42: 4.9 | BM42: 17.199 | BN42: 3510 | BO42: 0.0575 | BP42: 0.1046 | BQ42: 1819.75 | BR42: 0.02 | BS42: 0.0364 | BT42: 1820.125 | BU42: -0.15 | BV42: -0.2731 | BW42: 1820.625 | BX42: 1.45 | BY42: 2.6388 | BZ42: 1819.875 | CA42: 0.1925 | CB42: 0.3506 | CC42: 1821.125 | CD42: 537.92 | CE42: 947.5461 | CF42: 1761.5 | CG42: 0.55 | CH42: 1.0016 | CI42: 1821 | CJ42: -0.0175 | CK42: -0.0318 | CL42: 1819 | CM42: 0.165 | CN42: 0.3002 | CO42: 1819.375 | CP42: 0.0275 | CQ42: 0.0501 | CR42: 1821.875 | CS42: 0 | CT42: 0 | CU42: 1820.875 | CV42: 0.015 | CW42: 0.0494 | CX42: 3296.125 | CY42: 0.65 | CZ42: 2.5908 | DA42: 3985.875 | DB42: 34.765 | DC42: 138.5298 | DD42: 3984.75 | DE42: 132.05 | DF42: 526.83 | DG42: 3989.625 | DH42: 0.97 | DI42: 3.868 | DJ42: 3987.625 | DK42: 10.745 | DL42: 42.8161 | DM42: 3984.75 | DN42: 0.0225 | DO42: 0.0898 | DP42: 3990 | DQ42: -1.1 | DR42: -4.3854 | DS42: 3986.75 | DT42: 3.0675 | DU42: 12.224 | DV42: 3985 | DW42: 0.7 | DX42: 2.7918 | DY42: 3988.25 | DZ42: -0.1 | EA42: -0.3989 | EB42: 3989.375 | EC42: 0.055 | ED42: 0.2195 | EE42: 3991.25 | EF42: 4.18 | EG42: 13.8494 | EH42: 3313.25 | EI42: 0.34 | EJ42: 0.4082 | EK42: 1200.625 | EL42: -0.005 | EM42: 0 | EN42: 2 | EO42: -0.01 | EP42: 0 | EQ42: 0
A43: 4.8052 | B43: 14.855 | D43: 7394.75 | E43: -0.01 | G43: 1 | H43: -0.035 | J43: 2.125 | K43: -0.0525 | M43: 1.375 | N43: 7.9825 | P43: 4605.875 | Q43: 3.115 | S43: 1803.375 | T43: 13.505 | V43: 1058.75 | W43: 4.45 | Y43: 920.125 | Z43: 1.5 | AB43: 502 | AC43: 0.01 | AE43: 0.75 | AF43: 0.005 | AH43: 0.5 | AI43: 0 | AK43: 1820.375 | AL43: -0.0425 | AN43: 1.875 | AO43: 0.4 | AQ43: 0.875 | AR43: 51.8125 | AT43: 1289.75 | AU43: 0.145 | AW43: 2990.625 | AX43: 7.88 | AZ43: 1802.875 | BA43: 0.03 | BC43: 1818.5 | BF43: 0.73 | BH43: 1804.625 | BI43: 0.03 | BK43: 1.375 | BL43: 12.65 | BN43: 3508.125 | BO43: 0.0525 | BQ43: 1821.375 | BR43: 0.02 | BT43: 1820.75 | BU43: -0.6 | BW43: 1818.875 | BX43: 2 | BZ43: 1820.25 | CA43: 0.205 | CC43: 1821.625 | CD43: 538.64 | CF43: 1765.375 | CG43: 0.4 | CI43: 1821.25 | CJ43: 0.0225 | CL43: 1818 | CM43: 0.095 | CO43: 1819.125 | CP43: 0.0275 | CR43: 1821.25 | CS43: 0.1 | CU43: 1821.625 | CV43: 0.0075 | CX43: 3290 | CY43: 1.35 | DA43: 3989.25 | DB43: 26.07 | DD43: 3990.75 | DE43: 121.25 | DG43: 3991.25 | DH43: 0.9125 | DJ43: 3987.5 | DK43: 10.7525 | DM43: 3988.625 | DN43: 0.0825 | DP43: 3988.5 | DQ43: -0.2 | DS43: 3989.125 | DT43: 2.7025 | DV43: 3986.25 | DW43: 0.4 | DY43: 3989.375 | DZ43: 0.55 | EB43: 3988.5 | EC43: 0.0725 | EE43: 3992.5 | EF43: 0.315 | EH43: 3311.5 | EI43: 0.365 | EK43: 1200.375 | EL43: 0.0375 | EN43: 2.125 | EO43: 0.005 | EQ43: 1.5
A44: 4.9012 | B44: 14.845 | D44: 7395.625 | E44: -0.0125 | G44: 0.75 | H44: -0.0175 | J44: 1.75 | K44: -0.005 | M44: 1.375 | N44: 7.9925 | P44: 4604.625 | Q44: 3.315 | S44: 1804.75 | T44: 10.8325 | V44: 1058.5 | W44: 4.35 | Y44: 922.5 | Z44: 1.9 | AB44: 503.75 | AC44: 0.02 | AE44: 1.875 | AF44: -0.0175 | AH44: 1.625 | AI44: 0.005 | AK44: 1822.25 | AL44: -0.015 | AN44: 1.25 | AO44: -0.75 | AQ44: 2.625 | AR44: 50.9775 | AT44: 1291.625 | AU44: 0.0975 | AW44: 2993 | AX44: 7.8075 | AZ44: 1799.625 | BA44: 0.0225 | BC44: 1818.25 | BF44: 0.5925 | BH44: 1805.625 | BI44: -0.02 | BK44: 1.625 | BL44: 6.95 | BN44: 3508.25 | BO44: 0.025 | BQ44: 1818.75 | BR44: 0.0125 | BT44: 1818.875 | BU44: -0.05 | BW44: 1818.625 | BX44: 1.6 | BZ44: 1821 | CA44: 0.2025 | CC44: 1821 | CD44: 538.335 | CF44: 1761.875 | CG44: -0.55 | CI44: 1818.75 | CJ44: 0 | CL44: 1819 | CM44: 0.21 | CO44: 1820.25 | CP44: -0.0025 | CR44: 1821.5 | CS44: -0.85 | CU44: 1821.125 | CV44: 1.375 | CX44: 3286.125 | CY44: 1.45 | DA44: 3989.375 | DB44: 30.12 | DD44: 3989.375 | DE44: 113.25 | DG44: 3990.875 | DH44: 0.9625 | DJ44: 3990.625 | DK44: 10.7775 | DM44: 3988.75 | DN44: 0.0825 | DP44: 3991.25 | DQ44: 0.2 | DS44: 3987.5 | DT44: 3.0275 | DV44: 3988.5 | DW44: 1.15 | DY44: 3987.25 | DZ44: 0.2 | EB44: 3991.625 | EC44: 0.07 | EE44: 3991.375 | EF44: 0.24 | EH44: 3314 | EI44: 0.325 | EK44: 1199.75 | EL44: 0.0025 | EN44: 1 | EO44: 0.0225 | EQ44: 1
A45: 4.9972 | B45: 15.315 | C45: 113.2353 | D45: 7393.75 | E45: -0.0325 | F45: 0 | G45: 0.75 | H45: -0.03 | I45: 0 | J45: 0.25 | K45: -0.005 | L45: 0 | M45: 2.625 | N45: 7.9825 | O45: 36.7584 | P45: 4604.875 | Q45: 2.945 | R45: 5.3128 | S45: 1804 | T45: 11.9225 | U45: 12.6095 | V45: 1057.625 | W45: 2.25 | X45: 2.0697 | Y45: 919.875 | Z45: 0.9 | AA45: 0.4525 | AB45: 502.75 | AC45: -0.01 | AD45: 0 | AE45: 0.875 | AF45: 0.0025 | AG45: 0 | AH45: 1 | AI45: 0.0025 | AJ45: 0.0046 | AK45: 1820.125 | AL45: -0.01 | AM45: 0 | AN45: 1.375 | AO45: 0.5 | AP45: 0.0006 | AQ45: 1.25 | AR45: 51.22 | AS45: 66.061 | AT45: 1289.75 | AU45: 0.1125 | AV45: 0.3365 | AW45: 2991.25 | AX45: 7.885 | AY45: 14.2068 | AZ45: 1801.75 | BA45: 0.02 | BB45: 0.0364 | BC45: 1817.875 | BF45: 3.2725 | BG45: 5.9044 | BH45: 1804.25 | BI45: -0.025 | BJ45: -0.0063 | BK45: 253.875 | BL45: 5.5 | BM45: 19.3036 | BN45: 3509.75 | BO45: 0.05 | BP45: 0.0912 | BQ45: 1823.875 | BR45: -0.005 | BS45: -0.0091 | BT45: 1819.375 | BU45: -0.35 | BV45: -0.6366 | BW45: 1818.875 | BX45: 1.4 | BY45: 2.5471 | BZ45: 1819.375 | CA45: 0.185 | CB45: 0.3366 | CC45: 1819.25 | CD45: 538.4925 | CE45: 949.7661 | CF45: 1763.75 | CG45: 0.45 | CH45: 0.8188 | CI45: 1819.5 | CJ45: 0.0525 | CK45: 0.0955 | CL45: 1818.25 | CM45: 0.1625 | CN45: 0.2952 | CO45: 1816.375 | CP45: -0.0375 | CQ45: -0.0683 | CR45: 1820.375 | CS45: 0.05 | CT45: 0.091 | CU45: 1819 | CV45: 0.0275 | CW45: 0.0907 | CX45: 3298.625 | CY45: 0.6 | CZ45: 2.394 | DA45: 3990 | DB45: 26.6275 | DC45: 106.1772 | DD45: 3987.5 | DE45: 113.45 | DF45: 452.6939 | DG45: 3990.25 | DH45: 0.95 | DI45: 3.7881 | DJ45: 3987.5 | DK45: 10.68 | DL45: 42.6199 | DM45: 3990.625 | DN45: 0.0925 | DO45: 0.3689 | DP45: 3988 | DQ45: -0.35 | DR45: -1.3966 | DS45: 3990.375 | DT45: 2.6975 | DU45: 10.7539 | DV45: 3986.625 | DW45: 0.1 | DX45: 0.3991 | DY45: 3990.5 | DZ45: 0.85 | EA45: 3.3915 | EB45: 3990 | EC45: 0.07 | ED45: 0.2793 | EE45: 3990.125 | EF45: 0.2825 | EG45: 0.9357 | EH45: 3312.125 | EI45: 0.335 | EJ45: 0.4012 | EK45: 1197.75 | EL45: -0.0175 | EM45: 0 | EN45: 1.625 | EO45: 0.0175 | EP45: 0 | EQ45: 1.625
A46: 5.0932 | B46: 13.5325 | C46: 100.0813 | D46: 7395.625 | E46: 0.0125 | F46: 0 | G46: 1.75 | H46: -0.05 | I46: 0 | J46: 0.5 | K46: -0.0275 | L46: 0 | M46: 1 | N46: 8.005 | O46: 36.85 | P46: 4603.375 | Q46: 3.3025 | R46: 5.9556 | S46: 1803.375 | T46: 9.8025 | U46: 10.3576 | V46: 1056.625 | W46: 2.6 | X46: 2.392 | Y46: 920 | Z46: 1.1 | AA46: 0.5523 | AB46: 502.125 | AC46: -0.0025 | AD46: 0 | AE46: 1 | AF46: -0.005 | AG46: 0 | AH46: 1 | AI46: 0.0075 | AJ46: 0.0137 | AK46: 1821.625 | AL46: 0.0275 | AM46: 0 | AN46: 1.125 | AO46: -0.3 | AP46: -0.0003 | AQ46: 0.875 | AR46: 46.855 | AS46: 60.6304 | AT46: 1294 | AU46: 0.055 | AV46: 0.1645 | AW46: 2991.125 | AX46: 7.0275 | AY46: 12.6469 | AZ46: 1799.625 | BA46: 0.0275 | BB46: 0.05 | BC46: 1816.875 | BF46: 1.9475 | BG46: 3.5194 | BH46: 1807.125 | BI46: 0.065 | BJ46: 0.1659 | BK46: 2552 | BL46: 6.3 | BM46: 22.0972 | BN46: 3507.5 | BO46: 0.07 | BP46: 0.1275 | BQ46: 1820.75 | BR46: 0.0525 | BS46: 0.0955 | BT46: 1819.375 | BU46: -0.25 | BV46: -0.4549 | BW46: 1819.75 | BX46: 1.85 | BY46: 3.3668 | BZ46: 1819.875 | CA46: 0.205 | CB46: 0.373 | CC46: 1819.375 | CD46: 538.4925 | CE46: 950.6412 | CF46: 1765.375 | CG46: 0.7 | CH46: 1.2753 | CI46: 1821.875 | CJ46: -0.0175 | CK46: -0.0318 | CL46: 1817.125 | CM46: 0.1625 | CN46: 0.2958 | CO46: 1820 | CP46: 0.0275 | CQ46: 0.0501 | CR46: 1822.625 | CS46: 0.4 | CT46: 0.7276 | CU46: 1818.875 | CV46: 0.0575 | CW46: 0.1892 | CX46: 3291.25 | CY46: 0.95 | CZ46: 3.7879 | DA46: 3987.25 | DB46: 29.8575 | DC46: 119.0456 | DD46: 3987.125 | DE46: 129.5 | DF46: 516.5917 | DG46: 3989.125 | DH46: 0.9875 | DI46: 3.9377 | DJ46: 3987.5 | DK46: 10.7725 | DL46: 42.9473 | DM46: 3986.75 | DN46: -0.0125 | DO46: -0.0499 | DP46: 3989 | DQ46: 0.25 | DR46: 0.9969 | DS46: 3987.625 | DT46: 3.1375 | DU46: 12.5076 | DV46: 3986.5 | DW46: 0.95 | DX46: 3.7849 | DY46: 3984.125 | DZ46: 1.3 | EA46: 5.1849 | EB46: 3988.375 | EC46: 0.0925 | ED46: 0.3691 | EE46: 3990.5 | EF46: 0.9925 | EG46: 3.2867 | EH46: 3311.5 | EI46: 7.9 | EJ46: 9.48 | EK46: 1200 | EL46: -0.0075 | EM46: 0 | EN46: 2.125 | EO46: 0.0125 | EP46: 0 | EQ46: 0.5
A47: 5.1892 | B47: 17.5725 | C47: 129.9069 | D47: 7392.625 | E47: 0.035 | F47: 0 | G47: 1.375 | H47: 0.005 | I47: 0 | J47: 2.625 | K47: -0.0025 | L47: 0 | M47: 1.5 | N47: 7.935 | O47: 36.5377 | P47: 4604.625 | Q47: 3.0925 | R47: 5.5742 | S47: 1802.5 | T47: 11.2675 | U47: 11.9379 | V47: 1059.5 | W47: 2.55 | X47: 2.3492 | Y47: 921.25 | Z47: 1.4 | AA47: 0.7017 | AB47: 501.25 | AC47: 0.015 | AD47: 0 | AE47: 0.25 | AF47: 0.015 | AG47: 0 | AH47: 1 | AI47: -0.01 | AJ47: -0.0182 | AK47: 1819.5 | AL47: 0.0175 | AM47: 0 | AN47: 1.625 | AO47: 0.1 | AP47: 0.0001 | AQ47: 1.375 | AR47: 61.5725 | AS47: 79.4208 | AT47: 1289.875 | AU47: 0.1125 | AV47: 0.3367 | AW47: 2993.125 | AX47: 8.8 | AY47: 15.8444 | AZ47: 1800.5 | BA47: -0.0025 | BB47: -0.0045 | BC47: 1818 | BF47: 0.99 | BG47: 1.7874 | BH47: 1805.5 | BI47: 0.0525 | BJ47: 0.1339 | BK47: 2549.625 | BL47: 8.55 | BM47: 29.9945 | BN47: 3508.125 | BO47: 0.0575 | BP47: 0.1046 | BQ47: 1818.875 | BR47: 0.0225 | BS47: 0.041 | BT47: 1821.375 | BU47: 0.5 | BV47: 0.9099 | BW47: 1819.875 | BX47: 1.9 | BY47: 3.4566 | BZ47: 1819.25 | CA47: 0.205 | CB47: 0.3725 | CC47: 1817 | CD47: 538.68 | CE47: 948.9522 | CF47: 1761.625 | CG47: 0.35 | CH47: 0.6369 | CI47: 1819.75 | CJ47: 0.0475 | CK47: 0.0864 | CL47: 1818.625 | CM47: 0.2375 | CN47: 0.4319 | CO47: 1818.375 | CP47: -0.0075 | CQ47: -0.0137 | CR47: 1822.25 | CS47: 1.2 | CT47: 2.1852 | CU47: 1821 | CV47: 0.0275 | CW47: 0.0905 | CX47: 3290.375 | CY47: 1.9 | CZ47: 7.5815 | DA47: 3990.25 | DB47: 34.535 | DC47: 137.6738 | DD47: 3986.5 | DE47: 112.45 | DF47: 448.7458 | DG47: 3990.625 | DH47: 0.9475 | DI47: 3.7793 | DJ47: 3988.75 | DK47: 10.8275 | DL47: 43.1909 | DM47: 3989 | DN47: 0.11 | DO47: 0.4389 | DP47: 3990 | DQ47: 0.7 | DR47: 2.7916 | DS47: 3988 | DT47: 3.015 | DU47: 12.0148 | DV47: 3985 | DW47: 0.05 | DX47: 0.1994 | DY47: 3987.125 | DZ47: 0.6 | EA47: 2.3957 | EB47: 3992.75 | EC47: 0.0425 | ED47: 0.1696 | EE47: 3991.625 | EF47: 0.315 | EG47: 1.0431 | EH47: 3311.375 | EI47: 0.3625 | EJ47: 0.4356 | EK47: 1201.625 | EL47: 0.01 | EM47: 0 | EN47: 2 | EO47: 0.0225 | EP47: 0 | EQ47: 1
A48: 5.2852 | B48: 13.3375 | C48: 98.5941 | D48: 7392.25 | E48: 0 | F48: 0 | G48: 0.5 | H48: -0.0325 | I48: 0 | J48: 1.375 | K48: -0.0525 | L48: 0 | M48: 0.5 | N48: 7.97 | O48: 36.6909 | P48: 4603.625 | Q48: 3.2775 | R48: 5.9134 | S48: 1804.25 | T48: 9.625 | U48: 10.1905 | V48: 1058.75 | W48: 4.6 | X48: 4.2423 | Y48: 922.25 | Z48: 0.8 | AA48: 0.4039 | AB48: 504.875 | AC48: -0.0125 | AD48: 0 | AE48: 1.375 | AF48: -0.015 | AG48: 0 | AH48: 2.75 | AI48: 0.0125 | AJ48: 0.0228 | AK48: 1820.75 | AL48: -0.06 | AM48: 0 | AN48: 0.75 | AO48: -0.3 | AP48: -0.0003 | AQ48: 1 | AR48: 45.2975 | AS48: 58.5357 | AT48: 1292.25 | AU48: 0.12 | AV48: 0.3591 | AW48: 2992.375 | AX48: 7.0075 | AY48: 12.6345 | AZ48: 1803 | BA48: -0.0175 | BB48: -0.0318 | BC48: 1818.375 | BF48: 0.405 | BG48: 0.7309 | BH48: 1804.75 | BI48: 0.0575 | BJ48: 0.1466 | BK48: 2549.875 | BL48: 4.4 | BM48: 15.4435 | BN48: 3509.875 | BO48: 0.025 | BP48: 0.0455 | BQ48: 1820.625 | BR48: -0.0275 | BS48: -0.0501 | BT48: 1820 | BU48: 0.75 | BV48: 1.3639 | BW48: 1818.5 | BX48: 2 | BY48: 3.643 | BZ48: 1821.5 | CA48: 0.18 | CB48: 0.3279 | CC48: 1821.75 | CD48: 538.2875 | CE48: 950.6157 | CF48: 1766 | CG48: -0.5 | CH48: -0.9087 | CI48: 1817.5 | CJ48: 0.04 | CK48: 0.0727 | CL48: 1818.5 | CM48: 0.0625 | CN48: 0.1137 | CO48: 1819.125 | CP48: 0.01 | CQ48: 0.0182 | CR48: 1820.25 | CS48: 0.2 | CT48: 0.3641 | CU48: 1820.625 | CV48: 0.0375 | CW48: 0.1231 | CX48: 3283.375 | CY48: 0.05 | CZ48: 0.1994 | DA48: 3987 | DB48: 27.0925 | DC48: 108.0144 | DD48: 3986.875 | DE48: 115.35 | DF48: 460.4195 | DG48: 3991.5 | DH48: 0.9325 | DI48: 3.721 | DJ48: 3990.375 | DK48: 10.8225 | DL48: 43.175 | DM48: 3989.375 | DN48: 0.0325 | DO48: 0.1298 | DP48: 3992.375 | DQ48: -0.4 | DR48: -1.5966 | DS48: 3991.375 | DT48: 2.965 | DU48: 11.8229 | DV48: 3987.5 | DW48: 0.25 | DX48: 0.9977 | DY48: 3990.625 | DZ48: 0.7 | EA48: 2.7929 | EB48: 3989.875 | EC48: 0.0425 | ED48: 0.1696 | EE48: 3991 | EF48: 0.195 | EG48: 0.6458 | EH48: 3311.625 | EI48: 0.37 | EJ48: 0.4438 | EK48: 1199.375 | EL48: 0.0175 | EM48: 0 | EN48: 2.375 | EO48: 0.005 | EP48: 0 | EQ48: 2
A49: 5.3812 | B49: 15.3 | D49: 7394 | E49: -0.0125 | G49: 0.875 | H49: -0.03 | J49: 1.125 | K49: -0.0525 | M49: 2 | N49: 7.905 | P49: 4605.625 | Q49: 2.975 | S49: 1804.375 | T49: 10.585 | V49: 1060.5 | W49: 4.2 | Y49: 921.75 | Z49: 0.5 | AB49: 502.75 | AC49: -0.0375 | AE49: 1.125 | AF49: -0.0275 | AH49: 1.375 | AI49: -0.01 | AK49: 1823 | AL49: 0.02 | AN49: 2 | AO49: -0.25 | AQ49: 1.625 | AR49: 55.55 | AT49: 1291.625 | AU49: 0.13 | AW49: 2993.125 | AX49: 7.905 | AZ49: 1802.125 | BA49: 0.005 | BC49: 1819.625 | BF49: 3.39 | BH49: 1805.375 | BI49: 0.0075 | BK49: 2546.375 | BL49: 4.45 | BN49: 3508.125 | BO49: 0.0425 | BQ49: 1820.375 | BR49: 0.0225 | BT49: 1821.625 | BU49: 0.6 | BW49: 1817.75 | BX49: 2.55 | BZ49: 1821.5 | CA49: 0.2075 | CC49: 1819.875 | CD49: 538.6675 | CF49: 1765.25 | CG49: -0.05 | CI49: 1820.75 | CJ49: 0.0025 | CL49: 1818 | CM49: 0.2075 | CO49: 1817.625 | CP49: 0.015 | CR49: 1822.625 | CS49: 0.15 | CU49: 1822 | CV49: 0.02 | CX49: 3286 | CY49: 0.55 | DA49: 3988.875 | DB49: 29.93 | DD49: 3988.25 | DE49: 103 | DG49: 3993.75 | DH49: 0.92 | DJ49: 3988.375 | DK49: 10.7125 | DM49: 3988.625 | DN49: 0.065 | DP49: 3991.75 | DQ49: -0.35 | DS49: 3990.375 | DT49: 2.87 | DV49: 3986.375 | DW49: 0.2 | DY49: 3991.75 | DZ49: 0 | EB49: 3992.125 | EC49: 0.035 | EE49: 3994 | EF49: 2.945 | EH49: 3311.75 | EI49: 0.485 | EK49: 1199.625 | EL49: -0.0275 | EN49: 3 | EO49: -0.0025 | EQ49: 2
A50: 5.4772 | B50: 13.4525 | C50: 99.4913 | D50: 7395.75 | E50: 0.01 | F50: 0 | G50: 0.5 | H50: -0.0275 | I50: 0 | J50: 1.625 | K50: -0.0125 | L50: 0 | M50: 1 | N50: 8.0075 | O50: 36.8745 | P50: 4605 | Q50: 2.8625 | R50: 5.1586 | S50: 1802.125 | T50: 10.4025 | U50: 11.0045 | V50: 1057.875 | W50: 4.5 | X50: 4.1456 | Y50: 921.25 | Z50: 1.7 | AA50: 0.8557 | AB50: 503.375 | AC50: 0.0025 | AD50: 0 | AE50: 2.125 | AF50: 0.015 | AG50: 0 | AH50: 1.125 | AI50: -0.005 | AJ50: -0.0091 | AK50: 1822.5 | AL50: -0.035 | AM50: 0 | AN50: 0.5 | AO50: 0.1 | AP50: 0.0001 | AQ50: 0.875 | AR50: 52 | AS50: 67.1905 | AT50: 1292.125 | AU50: 0.0625 | AV50: 0.1871 | AW50: 2993.125 | AX50: 7.8275 | AY50: 14.1042 | AZ50: 1801.875 | BA50: -0.0025 | BB50: -0.0045 | BC50: 1819.375 | BF50: 0.69 | BG50: 1.2466 | BH50: 1806.625 | BI50: 0.055 | BJ50: 0.1404 | BK50: 2552.125 | BL50: 4.1 | BM50: 14.393 | BN50: 3510.5 | BO50: 0.0325 | BP50: 0.0592 | BQ50: 1820.125 | BR50: 0.035 | BS50: 0.0637 | BT50: 1820.5 | BU50: 0.1 | BV50: 0.1818 | BW50: 1817.875 | BX50: 3.4 | BY50: 6.1876 | BZ50: 1819.875 | CA50: 0.1975 | CB50: 0.36 | CC50: 1823 | CD50: 538.5375 | CE50: 949.9801 | CF50: 1764 | CG50: -0.35 | CH50: -0.6377 | CI50: 1822 | CJ50: 0.05 | CK50: 0.0908 | CL50: 1816.625 | CM50: 0.1725 | CN50: 0.3136 | CO50: 1818.125 | CP50: 0.005 | CQ50: 0.0091 | CR50: 1821.625 | CS50: 0.15 | CT50: 0.2732 | CU50: 1821 | CV50: 0.0275 | CW50: 0.0906 | CX50: 3292.75 | CY50: 0.6 | CZ50: 2.3949 | DA50: 3991.5 | DB50: 26.235 | DC50: 104.658 | DD50: 3989.25 | DE50: 109.8 | DF50: 438.349 | DG50: 3992.25 | DH50: 0.9475 | DI50: 3.7811 | DJ50: 3990.625 | DK50: 10.805 | DL50: 43.139 | DM50: 3992.5 | DN50: 0.085 | DO50: 0.3392 | DP50: 3990.875 | DQ50: 0.1 | DR50: 0.399 | DS50: 3990.125 | DT50: 3.0775 | DU50: 12.2804 | DV50: 3990.375 | DW50: 0 | DX50: 0 | DY50: 3992 | DZ50: 0.2 | EA50: 0.7984 | EB50: 3991.75 | EC50: 0.055 | ED50: 0.2196 | EE50: 3993 | EF50: 0.275 | EG50: 0.9108 | EH50: 3311.875 | EI50: 0.4375 | EJ50: 0.5243 | EK50: 1198.375 | EL50: -0.0175 | EM50: -0.0001 | EN50: 2.875 | EO50: -0.02 | EP50: 0 | EQ50: 1.375
A51: 5.5732 | B51: 15.29 | C51: 113.06 | D51: 7394.375 | E51: 0 | F51: 0 | G51: 2 | H51: -0.035 | I51: 0 | J51: 1.125 | K51: -0.0025 | L51: 0 | M51: 1.375 | N51: 8 | O51: 36.83 | P51: 4603.75 | Q51: 3.46 | R51: 6.2367 | S51: 1802.5 | T51: 8.0925 | U51: 8.5629 | V51: 1058.125 | W51: 4.15 | X51: 3.8382 | Y51: 924.875 | Z51: 2.05 | AA51: 1.0288 | AB51: 501.875 | AC51: -0.0275 | AD51: 0 | AE51: 0.75 | AF51: 0.0225 | AG51: 0 | AH51: 0.5 | AI51: 0.02 | AJ51: 0.0364 | AK51: 1820.875 | AL51: 0.03 | AM51: 0 | AN51: 1.375 | AO51: 0 | AP51: 0 | AQ51: 1.125 | AR51: 48.4 | AS51: 62.557 | AT51: 1292.5 | AU51: 0.0775 | AV51: 0.2319 | AW51: 2992.625 | AX51: 7.7925 | AY51: 14.0275 | AZ51: 1800.125 | BA51: 0.03 | BB51: 0.0545 | BC51: 1817.25 | BF51: 1.255 | BG51: 2.2665 | BH51: 1806 | BI51: -0.055 | BJ51: -0.1092 | BK51: 1985.375 | BL51: 7 | BM51: 24.5586 | BN51: 3508.375 | BO51: 0.015 | BP51: 0.0273 | BQ51: 1821 | BR51: 0.0075 | BS51: 0.0137 | BT51: 1821.625 | BU51: -0.7 | BV51: -1.2748 | BW51: 1821.125 | BX51: 1.65 | BY51: 3.0065 | BZ51: 1822.125 | CA51: 0.1875 | CB51: 0.3411 | CC51: 1819.375 | CD51: 538.59 | CE51: 950.544 | CF51: 1764.875 | CG51: 0.5 | CH51: 0.9103 | CI51: 1820.5 | CJ51: 0.05 | CK51: 0.0909 | CL51: 1818.125 | CM51: 0.085 | CN51: 0.1546 | CO51: 1819.125 | CP51: 0.0325 | CQ51: 0.0591 | CR51: 1818.375 | CS51: 0.2 | CT51: 0.3642 | CU51: 1820.875 | CV51: 0.05 | CW51: 0.1647 | CX51: 3294.25 | CY51: -0.25 | CZ51: -0.9966 | DA51: 3986.25 | DB51: 30.09 | DC51: 119.9463 | DD51: 3986.25 | DE51: 132.1 | DF51: 526.8148 | DG51: 3988 | DH51: 0.9675 | DI51: 3.8579 | DJ51: 3987.5 | DK51: 10.62 | DL51: 42.3605 | DM51: 3988.75 | DN51: -0.015 | DO51: -0.0599 | DP51: 3991.75 | DQ51: -0.1 | DR51: -0.3987 | DS51: 3987.125 | DT51: 3.035 | DU51: 12.0933 | DV51: 3984.625 | DW51: 0.35 | DX51: 1.3958 | DY51: 3988.125 | DZ51: 0.45 | EA51: 1.7941 | EB51: 3986.875 | EC51: 0.0225 | ED51: 0.0898 | EE51: 3993.125 | EF51: 1.0075 | EG51: 3.3375 | EH51: 3312.625 | EI51: 20.3425 | EJ51: 24.4161 | EK51: 1200.25 | EL51: 0.005 | EM51: 0 | EN51: 2.625 | EO51: -0.005 | EP51: 0 | EQ51: 0.5
A52: 5.6692 | B52: 17.52 | C52: 129.5582 | D52: 7394.875 | E52: -0.0125 | F52: 0 | G52: 1.25 | H52: -0.0075 | I52: 0 | J52: 1.375 | K52: -0.01 | L52: 0 | M52: 0.875 | N52: 8.0225 | O52: 36.9506 | P52: 4605.875 | Q52: 3.34 | R52: 6.0241 | S52: 1803.625 | T52: 11.88 | U52: 12.5824 | V52: 1059.125 | W52: 3.15 | X52: 2.8972 | Y52: 919.75 | Z52: 1.5 | AA52: 0.7568 | AB52: 504.5 | AC52: -0.0125 | AD52: 0 | AE52: 1.375 | AF52: 0.0325 | AG52: 0 | AH52: 0.75 | AI52: -0.01 | AJ52: -0.0182 | AK52: 1820.875 | AL52: 0 | AM52: 0 | AN52: 1.5 | AO52: 0.55 | AP52: 0.0004 | AQ52: 0.75 | AR52: 61.18 | AS52: 78.8763 | AT52: 1289.25 | AU52: 0.06 | AV52: 0.1795 | AW52: 2992 | AX52: 8.7775 | AY52: 15.783 | AZ52: 1798.125 | BA52: 0.015 | BB52: 0.0273 | BC52: 1818.125 | BF52: 0.62 | BG52: 1.1198 | BH52: 1806.125 | BI52: -0.015 | BJ52: -0.0027 | BK52: 181 | BL52: 7.1 | BM52: 24.929 | BN52: 3511.125 | BO52: 0.0325 | BP52: 0.0592 | BQ52: 1821.25 | BR52: -0.0225 | BS52: -0.041 | BT52: 1821.5 | BU52: -0.2 | BV52: -0.364 | BW52: 1820 | BX52: 2.85 | BY52: 5.1866 | BZ52: 1819.875 | CA52: 0.1825 | CB52: 0.3322 | CC52: 1820.25 | CD52: 538.415 | CE52: 948.7545 | CF52: 1762.125 | CG52: -0.1 | CH52: -0.1823 | CI52: 1822.5 | CJ52: 0.015 | CK52: 0.0273 | CL52: 1818.5 | CM52: 0.2175 | CN52: 0.3952 | CO52: 1817.125 | CP52: -0.0125 | CQ52: -0.0227 | CR52: 1820 | CS52: -0.1 | CT52: -0.182 | CU52: 1820.25 | CV52: 0.055 | CW52: 0.1809 | CX52: 3289.375 | CY52: 1.15 | CZ52: 4.5852 | DA52: 3987.125 | DB52: 30.7775 | DC52: 122.6637 | DD52: 3985.5 | DE52: 119.5 | DF52: 476.9992 | DG52: 3991.625 | DH52: 1 | DI52: 3.9914 | DJ52: 3991.375 | DK52: 10.705 | DL52: 42.6741 | DM52: 3986.375 | DN52: 0.095 | DO52: 0.379 | DP52: 3989.375 | DQ52: -0.05 | DR52: -0.1994 | DS52: 3988.5 | DT52: 3.1525 | DU52: 12.5678 | DV52: 3986.625 | DW52: -0.1 | DX52: -0.3988 | DY52: 3987.875 | DZ52: -0.15 | EA52: -0.5984 | EB52: 3989.375 | EC52: 0.0375 | ED52: 0.1496 | EE52: 3988 | EF52: 0.2275 | EG52: 0.7533 | EH52: 3311 | EI52: 0.285 | EJ52: 0.3421 | EK52: 1200.5 | EL52: -0.01 | EM52: 0 | EN52: 0.75 | EO52: 0.0075 | EP52: 0 | EQ52: 1.125
A53: 5.7652 | B53: 14.12 | C53: 104.4262 | D53: 7395.625 | E53: -0.015 | F53: 0 | G53: 1.25 | H53: -0.0175 | I53: 0 | J53: 1.5 | K53: -0.0175 | L53: 0 | M53: 2 | N53: 8.0125 | O53: 36.8815 | P53: 4603 | Q53: 3.25 | R53: 5.8614 | S53: 1803.5 | T53: 11.06 | U53: 11.6987 | V53: 1057.75 | W53: 4.6 | X53: 4.2458 | Y53: 923 | Z53: 1.1 | AA53: 0.5525 | AB53: 502.25 | AC53: -0.015 | AD53: 0 | AE53: 1.125 | AF53: 0.02 | AG53: 0 | AH53: 0.875 | AI53: 0 | AJ53: 0 | AK53: 1821.5 | AL53: 0.0125 | AM53: 0 | AN53: 0.5 | AO53: 0.25 | AP53: 0.0004 | AQ53: 1.75 | AR53: 44.975 | AS53: 58.1358 | AT53: 1292.625 | AU53: 0.1175 | AV53: 0.3515 | AW53: 2991.875 | AX53: 7.0625 | AY53: 12.7319 | AZ53: 1802.75 | BA53: 0.0125 | BB53: 0.0227 | BC53: 1819.625 | BF53: 1.7575 | BG53: 3.1762 | BH53: 1807.25 | BI53: 0.025 | BJ53: 0.0003 | BK53: 13.625 | BL53: 5.2 | BM53: 18.2435 | BN53: 3508.375 | BO53: 0.0375 | BP53: 0.0683 | BQ53: 1820.75 | BR53: -0.015 | BS53: -0.0273 | BT53: 1820.5 | BU53: -0.35 | BV53: -0.6365 | BW53: 1818.5 | BX53: 2.75 | BY53: 5.0136 | BZ53: 1823.125 | CA53: 0.225 | CB53: 0.4094 | CC53: 1819.625 | CD53: 538.845 | CE53: 950.7246 | CF53: 1764.375 | CG53: 0 | CH53: 0 | CI53: 1820.625 | CJ53: 0.0275 | CK53: 0.05 | CL53: 1818.75 | CM53: 0.12 | CN53: 0.2183 | CO53: 1818.875 | CP53: 0.0075 | CQ53: 0.0137 | CR53: 1823.25 | CS53: 0.3 | CT53: 0.5457 | CU53: 1819.125 | CV53: 0.015 | CW53: 0.0495 | CX53: 3298.5 | CY53: 1.85 | CZ53: 7.3769 | DA53: 3987.5 | DB53: 30.1075 | DC53: 120.0988 | DD53: 3989 | DE53: 119.85 | DF53: 478.3813 | DG53: 3991.5 | DH53: 0.9125 | DI53: 3.641 | DJ53: 3990.125 | DK53: 10.8425 | DL53: 43.2562 | DM53: 3989.5 | DN53: 0.03 | DO53: 0.1197 | DP53: 3990.625 | DQ53: -0.05 | DR53: -0.1994 | DS53: 3988.625 | DT53: 3.175 | DU53: 12.6552 | DV53: 3985.875 | DW53: -0.2 | DX53: -0.7977 | DY53: 3988.5 | DZ53: 0.6 | EA53: 2.394 | EB53: 3990 | EC53: 0.0375 | ED53: 0.1497 | EE53: 3993.25 | EF53: 0.315 | EG53: 1.0434 | EH53: 3312.5 | EI53: 0.2925 | EJ53: 0.3506 | EK53: 1198.625 | EL53: -0.0775 | EM53: -0.0001 | EN53: 0.75 | EO53: -0.025 | EP53: 0 | EQ53: 1.75
A54: 5.8612 | B54: 15.19 | D54: 7392.25 | E54: -0.03 | G54: 2 | H54: -0.0025 | J54: 1.375 | K54: -0.07 | M54: 1.125 | N54: 8.005 | P54: 4601.875 | Q54: 3.0675 | S54: 1804 | T54: 10.695 | V54: 1057.875 | W54: 4.05 | Y54: 923.25 | Z54: 2.1 | AB54: 500.875 | AC54: 0.0125 | AE54: 1.25 | AF54: -0.0175 | AH54: 2.25 | AI54: 0.06 | AK54: 1819.625 | AL54: -0.0275 | AN54: 1.5 | AO54: 0.65 | AQ54: 1 | AR54: 54.2275 | AT54: 1289.75 | AU54: 0.1125 | AW54: 2994 | AX54: 7.885 | AZ54: 1800.75 | BA54: 0.065 | BC54: 1818.5 | BF54: 1.09 | BH54: 1805.125 | BI54: -0.02 | BK54: 3.125 | BL54: 5.05 | BN54: 3513.125 | BO54: 0.0575 | BQ54: 1821.625 | BR54: 0.0575 | BT54: 1818.875 | BU54: 0.4 | BW54: 1820.25 | BX54: 1.9 | BZ54: 1818.75 | CA54: 0.19 | CC54: 1819.75 | CD54: 538.125 | CF54: 1764.75 | CG54: 0.05 | CI54: 1819.75 | CJ54: -0.0125 | CL54: 1818.625 | CM54: 0.16 | CO54: 1817.5 | CP54: -0.03 | CR54: 1822.125 | CS54: 0.05 | CU54: 1819.5 | CV54: 0.015 | CX54: 3291.625 | CY54: 1.25 | DA54: 3991.25 | DB54: 29.99 | DD54: 3987.25 | DE54: 103.45 | DG54: 3991.75 | DH54: 0.945 | DJ54: 3988.375 | DK54: 10.6825 | DM54: 3989.875 | DN54: 0.0625 | DP54: 3993 | DQ54: 0.2 | DS54: 3989.375 | DT54: 2.97 | DV54: 3987.5 | DW54: 0.95 | DY54: 3993.25 | DZ54: 0.6 | EB54: 3992.625 | EC54: -0.0075 | EE54: 3992 | EF54: 0.2825 | EH54: 3311.75 | EI54: 0.395 | EK54: 1200.625 | EL54: -0.015 | EN54: 2.25 | EO54: -0.025 | EQ54: 1.375
A55: 5.9572 | B55: 13.555 | D55: 7392.75 | E55: -0.015 | G55: 0.25 | H55: -0.035 | J55: 2.375 | K55: -0.0175 | M55: 2.5 | N55: 7.995 | P55: 4604.375 | Q55: 3.4375 | S55: 1803.875 | T55: 7.4875 | V55: 1058.25 | W55: 3.35 | Y55: 919.625 | Z55: 0.65 | AB55: 503.5 | AC55: 0 | AE55: 0.75 | AF55: 0.0125 | AH55: 0.75 | AI55: 0.0075 | AK55: 1820.625 | AL55: -0.025 | AN55: 1.75 | AO55: -0.9 | AQ55: 2.5 | AR55: 45.5875 | AT55: 1291.625 | AU55: 0.11 | AW55: 2993.375 | AX55: 7.0225 | AZ55: 1801.875 | BA55: 0.015 | BC55: 1820.375 | BF55: 0.5525 | BH55: 1806.5 | BI55: 0.06 | BK55: 2 | BL55: 4.55 | BN55: 3511.25 | BO55: 0.0525 | BQ55: 1822.125 | BR55: 0.01 | BT55: 1819.625 | BU55: 0.55 | BW55: 1820.375 | BX55: 1.65 | BZ55: 1820.75 | CA55: 0.2425 | CC55: 1820.875 | CD55: 538.525 | CF55: 1764.125 | CG55: 0.15 | CI55: 1819.875 | CJ55: -0.0175 | CL55: 1819.125 | CM55: 0.265 | CO55: 1821 | CP55: 0.03 | CR55: 1820 | CS55: 0.65 | CU55: 1819.875 | CV55: 0.0475 | CX55: 3292.125 | CY55: 0.65 | DA55: 3989.375 | DB55: 27.2 | DD55: 3990.125 | DE55: 116.6 | DG55: 3991.375 | DH55: 0.9425 | DJ55: 3990.875 | DK55: 10.7475 | DM55: 3989.625 | DN55: -0.025 | DP55: 3992.875 | DQ55: 0.4 | DS55: 3989.75 | DT55: 3.075 | DV55: 3987 | DW55: 0.5 | DY55: 3988.75 | DZ55: 0.25 | EB55: 3990.75 | EC55: 0.1325 | EE55: 3993.625 | EF55: 0.27 | EH55: 3311.25 | EI55: 0.305 | EK55: 1199.875 | EL55: 0.015 | EN55: 1.875 | EO55: -0.015 | EQ55: 0.5
A56: 6.0532 | B56: 15.405 | C56: 113.9392 | D56: 7396.25 | E56: -0.035 | F56: -0.0001 | G56: 1.75 | H56: -0.035 | I56: 0 | J56: 0.5 | K56: -0.0425 | L56: 0 | M56: 1.125 | N56: 7.93 | O56: 36.5087 | P56: 4603.875 | Q56: 3.1175 | R56: 5.622 | S56: 1803.375 | T56: 14.765 | U56: 15.614 | V56: 1057.5 | W56: 3 | X56: 2.7574 | Y56: 919.125 | Z56: 1.55 | AA56: 0.7808 | AB56: 503.75 | AC56: 0.0175 | AD56: 0 | AE56: 1.125 | AF56: -0.025 | AG56: 0 | AH56: 1.375 | AI56: 0.0425 | AJ56: 0.0775 | AK56: 1822.75 | AL56: 0.0075 | AM56: 0 | AN56: 1.5 | AO56: 0.25 | AP56: 0.0005 | AQ56: 2 | AR56: 54.64 | AS56: 70.4583 | AT56: 1289.5 | AU56: 0.095 | AV56: 0.2843 | AW56: 2992.25 | AX56: 7.8425 | AY56: 14.1096 | AZ56: 1799.125 | BA56: 0.0175 | BB56: 0.0318 | BC56: 1819.875 | BF56: 3.9825 | BG56: 7.1939 | BH56: 1806.375 | BI56: 0.025 | BJ56: 0.0001 | BK56: 2.625 | BL56: 11.65 | BM56: 40.8551 | BN56: 3506.875 | BO56: 0.02 | BP56: 0.0364 | BQ56: 1821.125 | BR56: 0.0725 | BS56: 0.132 | BT56: 1820.5 | BU56: 0.25 | BV56: 0.4543 | BW56: 1817.25 | BX56: 2.5 | BY56: 4.5509 | BZ56: 1820.375 | CA56: 0.1275 | CB56: 0.232 | CC56: 1819.625 | CD56: 538.2875 | CE56: 948.5299 | CF56: 1762.125 | CG56: 0.35 | CH56: 0.6374 | CI56: 1821.125 | CJ56: -0.0075 | CK56: -0.0137 | CL56: 1820.25 | CM56: 0.08 | CN56: 0.1456 | CO56: 1819.5 | CP56: -0.01 | CQ56: -0.0182 | CR56: 1821 | CS56: 1.25 | CT56: 2.2761 | CU56: 1820.875 | CV56: 0.01 | CW56: 0.0329 | CX56: 3294 | CY56: 0.75 | CZ56: 2.9903 | DA56: 3987 | DB56: 30.1575 | DC56: 120.238 | DD56: 3987 | DE56: 115.75 | DF56: 462.0451 | DG56: 3991.75 | DH56: 0.9575 | DI56: 3.8176 | DJ56: 3987 | DK56: 10.6925 | DL56: 42.6216 | DM56: 3986.125 | DN56: 0.0425 | DO56: 0.1696 | DP56: 3990.75 | DQ56: -0.7 | DR56: -2.7917 | DS56: 3988.125 | DT56: 2.9975 | DU56: 11.9462 | DV56: 3985.375 | DW56: 1.05 | DX56: 4.1899 | DY56: 3990.375 | DZ56: 0.45 | EA56: 1.7951 | EB56: 3989 | EC56: 0.115 | ED56: 0.4588 | EE56: 3989.875 | EF56: 0.7575 | EG56: 2.5094 | EH56: 3312.75 | EI56: 0.34 | EJ56: 0.408 | EK56: 1200 | EL56: 0.0375 | EM56: 0.0001 | EN56: 2 | EO56: 0.0225 | EP56: 0 | EQ56: 1.625
A57: 6.1492 | B57: 15.39 | C57: 113.7802 | D57: 7393.125 | E57: -0.0175 | F57: 0 | G57: 2 | H57: -0.01 | I57: 0 | J57: 0.75 | K57: -0.01 | L57: 0 | M57: 1 | N57: 7.955 | O57: 36.6278 | P57: 4604.375 | Q57: 3.17 | R57: 5.7215 | S57: 1804.875 | T57: 10.515 | U57: 11.113 | V57: 1056.875 | W57: 4.6 | X57: 4.2372 | Y57: 921.125 | Z57: 0.75 | AA57: 0.3766 | AB57: 502.125 | AC57: 0.03 | AD57: 0.0001 | AE57: 1.75 | AF57: -0.0125 | AG57: 0 | AH57: 0.25 | AI57: 0.02 | AJ57: 0.0364 | AK57: 1819.5 | AL57: -0.015 | AM57: 0 | AN57: 1.25 | AO57: -0.4 | AP57: -0.0009 | AQ57: 2.125 | AR57: 57.57 | AS57: 74.3013 | AT57: 1290.625 | AU57: 0.06 | AV57: 0.1795 | AW57: 2992.375 | AX57: 8.7975 | AY57: 15.8443 | AZ57: 1801 | BA57: 0.005 | BB57: 0.0091 | BC57: 1819.125 | BF57: 1.5425 | BG57: 2.7836 | BH57: 1804.625 | BI57: -0.0475 | BJ57: -0.0001 | BK57: 1.125 | BL57: 3.95 | BM57: 13.8729 | BN57: 3512.125 | BO57: 0.045 | BP57: 0.082 | BQ57: 1822.875 | BR57: 0.0175 | BS57: 0.0319 | BT57: 1820.25 | BU57: -0.05 | BV57: -0.091 | BW57: 1819.375 | BX57: 2.5 | BY57: 4.5512 | BZ57: 1820.5 | CA57: 0.1675 | CB57: 0.305 | CC57: 1821.125 | CD57: 538.78 | CE57: 949.8018 | CF57: 1762.875 | CG57: 0 | CH57: 0 | CI57: 1820.5 | CJ57: 0.015 | CK57: 0.0273 | CL57: 1817.625 | CM57: 0.1875 | CN57: 0.3408 | CO57: 1817.5 | CP57: 0.01 | CQ57: 0.0182 | CR57: 1820.125 | CS57: 0.4 | CT57: 0.7277 | CU57: 1819.125 | CV57: 0.0575 | CW57: 0.1893 | CX57: 3292.625 | CY57: 1.3 | CZ57: 5.1851 | DA57: 3988.5 | DB57: 30.805 | DC57: 122.8195 | DD57: 3987 | DE57: 111.9 | DF57: 446.6209 | DG57: 3991.25 | DH57: 0.94 | DI57: 3.7502 | DJ57: 3989.625 | DK57: 10.805 | DL57: 43.1052 | DM57: 3989.375 | DN57: 0.0425 | DO57: 0.1696 | DP57: 3989.5 | DQ57: -0.25 | DR57: -0.9976 | DS57: 3990.5 | DT57: 2.73 | DU57: 10.8818 | DV57: 3986 | DW57: 0.45 | DX57: 1.7947 | DY57: 3988.25 | DZ57: 0.3 | EA57: 1.1971 | EB57: 3990.375 | EC57: 0.0875 | ED57: 0.349 | EE57: 3988.125 | EF57: 1.5825 | EG57: 5.2401 | EH57: 3311.25 | EI57: 0.3175 | EJ57: 0.3809 | EK57: 1199.625 | EL57: 0.02 | EM57: 0 | EN57: 1.125 | EO57: 0.0125 | EP57: 0 | EQ57: 2.25
A58: 6.2452 | B58: 15.4125 | C58: 113.9331 | D58: 7392.25 | E58: 0 | F58: 0 | G58: 0.75 | H58: -0.04 | I58: -0.0001 | J58: 1.25 | K58: -0.0325 | L58: 0 | M58: 1.125 | N58: 8.01 | O58: 36.873 | P58: 4603.375 | Q58: 3.2525 | R58: 5.8695 | S58: 1804.625 | T58: 9.0225 | U58: 9.5323 | V58: 1056.5 | W58: 4.65 | X58: 4.278 | Y58: 920 | Z58: 0.3 | AA58: 0.1506 | AB58: 501.875 | AC58: 0.03 | AD58: 0 | AE58: 0.5 | AF58: 0.055 | AG58: 0.0001 | AH58: 1.875 | AI58: 0.03 | AJ58: 0.0546 | AK58: 1820.375 | AL58: 0.0075 | AM58: 0 | AN58: 1 | AO58: -0.5 | AP58: -0.0004 | AQ58: 0.875 | AR58: 53.4875 | AS58: 68.9922 | AT58: 1289.875 | AU58: 0.115 | AV58: 0.3442 | AW58: 2993.125 | AX58: 7.6975 | AY58: 13.8709 | AZ58: 1802 | BA58: 0.0075 | BB58: 0.0136 | BC58: 1818 | BF58: 1.2275 | BG58: 2.2163 | BH58: 1805.5 | BI58: 0.01 | BJ58: 0 | BK58: 2.25 | BL58: 4.65 | BM58: 16.3139 | BN58: 3508.375 | BO58: 0.0625 | BP58: 0.1138 | BQ58: 1821.125 | BR58: 0.035 | BS58: 0.0637 | BT58: 1821.375 | BU58: 0.55 | BV58: 1.0004 | BW58: 1818.875 | BX58: 1.8 | BY58: 3.2789 | BZ58: 1821.625 | CA58: 0.1675 | CB58: 0.3049 | CC58: 1820.5 | CD58: 538.685 | CE58: 950.7117 | CF58: 1764.875 | CG58: -0.25 | CH58: -0.4558 | CI58: 1823.125 | CJ58: 0.0225 | CK58: 0.0409 | CL58: 1817.75 | CM58: 0.1675 | CN58: 0.3049 | CO58: 1820.125 | CP58: 0.0275 | CQ58: 0.0501 | CR58: 1820.375 | CS58: -0.05 | CT58: -0.091 | CU58: 1819.875 | CV58: 0.0475 | CW58: 0.1563 | CX58: 3291.5 | CY58: 1.55 | CZ58: 6.1822 | DA58: 3988.5 | DB58: 30.4875 | DC58: 121.5499 | DD58: 3986.875 | DE58: 108.35 | DF58: 432.5332 | DG58: 3992 | DH58: 0.9425 | DI58: 3.7596 | DJ58: 3989 | DK58: 10.6775 | DL58: 42.6032 | DM58: 3990 | DN58: 0.0475 | DO58: 0.1896 | DP58: 3990.875 | DQ58: 0.35 | DR58: 1.397 | DS58: 3991.375 | DT58: 2.965 | DU58: 11.817 | DV58: 3985.5 | DW58: 0.45 | DX58: 1.7964 | DY58: 3992 | DZ58: 0.05 | EA58: 0.1996 | EB58: 3992.375 | EC58: 0.065 | ED58: 0.2595 | EE58: 3992.25 | EF58: 2.5825 | EG58: 8.5568 | EH58: 3313.375 | EI58: 0.365 | EJ58: 0.4375 | EK58: 1198.625 | EL58: 0.015 | EM58: 0 | EN58: 1.75 | EO58: -0.055 | EP58: -0.0001 | EQ58: 1.75
A59: 6.3412 | B59: 14.495 | C59: 107.2014 | D59: 7395.75 | E59: 0.005 | F59: 0 | G59: 2.625 | H59: -0.0225 | I59: 0 | J59: 2 | K59: -0.025 | L59: 0 | M59: 0.75 | N59: 8.03 | O59: 36.9741 | P59: 4604.5 | Q59: 2.9625 | R59: 5.3473 | S59: 1805 | T59: 11.03 | U59: 11.6863 | V59: 1059.5 | W59: 2.65 | X59: 2.4496 | Y59: 924.375 | Z59: 1.35 | AA59: 0.6804 | AB59: 504 | AC59: -0.0125 | AD59: 0 | AE59: 2 | AF59: 0 | AG59: 0 | AH59: 1.375 | AI59: 0.005 | AJ59: 0.0091 | AK59: 1820.625 | AL59: -0.005 | AM59: 0 | AN59: 0.75 | AO59: -0.3 | AP59: -0.0006 | AQ59: 2.125 | AR59: 54.1775 | AS59: 69.9432 | AT59: 1291 | AU59: 0.105 | AV59: 0.3143 | AW59: 2993.625 | AX59: 7.88 | AY59: 14.1692 | AZ59: 1798.125 | BA59: 0.01 | BB59: 0.0182 | BC59: 1817.75 | BF59: 0.6575 | BG59: 1.188 | BH59: 1806.875 | BI59: 0.0075 | BJ59: 0 | BK59: 1.375 | BL59: 5 | BM59: 17.5588 | BN59: 3511.75 | BO59: 0.0075 | BP59: 0.0137 | BQ59: 1822.125 | BR59: 0.0075 | BS59: 0.0137 | BT59: 1820.375 | BU59: 0.15 | BV59: 0.2729 | BW59: 1819.5 | BX59: 1.35 | BY59: 2.4575 | BZ59: 1820.375 | CA59: 0.1725 | CB59: 0.3138 | CC59: 1819.25 | CD59: 538.3325 | CE59: 949.8204 | CF59: 1764.375 | CG59: -0.55 | CH59: -0.9993 | CI59: 1816.875 | CJ59: 0.0125 | CK59: 0.0227 | CL59: 1817.625 | CM59: 0.1125 | CN59: 0.2047 | CO59: 1819.75 | CP59: 0.01 | CQ59: 0.0182 | CR59: 1820.75 | CS59: 0.75 | CT59: 1.3651 | CU59: 1820.125 | CV59: 0.0325 | CW59: 0.1072 | CX59: 3297.25 | CY59: 0.4 | CZ59: 1.5968 | DA59: 3992 | DB59: 25.9025 | DC59: 103.3413 | DD59: 3989.625 | DE59: 104.45 | DF59: 417.0689 | DG59: 3993 | DH59: 0.9575 | DI59: 3.8215 | DJ59: 3991.125 | DK59: 10.7325 | DL59: 42.82 | DM59: 3989.75 | DN59: 0.0575 | DO59: 0.2294 | DP59: 3989.125 | DQ59: -0.75 | DR59: -2.9923 | DS59: 3989.75 | DT59: 3.0175 | DU59: 12.0372 | DV59: 3989.125 | DW59: 0.35 | DX59: 1.3969 | DY59: 3991.125 | DZ59: 0.6 | EA59: 2.396 | EB59: 3993.25 | EC59: 0.0375 | ED59: 0.1497 | EE59: 3991.25 | EF59: 0.2925 | EG59: 0.9687 | EH59: 3311.875 | EI59: 0.34 | EJ59: 0.4081 | EK59: 1200.375 | EL59: 0 | EM59: 0 | EN59: 1 | EO59: 0.02 | EP59: 0 | EQ59: 0.5
A60: 6.4372 | B60: 15.23 | D60: 7396.75 | E60: -0.0275 | G60: 1.375 | H60: -0.0125 | J60: 1.625 | K60: -0.0175 | M60: 1.875 | N60: 8.0175 | P60: 4603.5 | Q60: 3.15 | S60: 1801.875 | T60: 9.7025 | V60: 1057.5 | W60: 3.8 | Y60: 919.5 | Z60: 0.9 | AB60: 504.625 | AC60: -0.01 | AE60: 0.25 | AF60: 0 | AH60: 1.625 | AI60: 0.0225 | AK60: 1822.125 | AL60: -0.0425 | AN60: 1.125 | AO60: 0.2 | AQ60: 0.5 | AR60: 45.5875 | AT60: 1292.25 | AU60: 0.085 | AW60: 2990.375 | AX60: 7.07 | AZ60: 1801 | BA60: -0.0175 | BC60: 1818.75 | BF60: 0.77 | BH60: 1805.25 | BI60: -0.0175 | BK60: 0.875 | BL60: 13.8 | BN60: 3509.125 | BO60: 0.0225 | BQ60: 1821.875 | BR60: 0.0225 | BT60: 1821.625 | BU60: 0.95 | BW60: 1819.125 | BX60: 2.4 | BZ60: 1819.75 | CA60: 0.195 | CC60: 1818.75 | CD60: 537.9625 | CF60: 1764 | CG60: 0.15 | CI60: 1819.5 | CJ60: 0.0025 | CL60: 1819.375 | CM60: 0.2075 | CO60: 1816.375 | CP60: 0.0375 | CR60: 1821.75 | CS60: 0.25 | CU60: 1820.625 | CV60: 0.0225 | CX60: 3290 | CY60: 1.15 | DA60: 3988.5 | DB60: 30.505 | DD60: 3986.875 | DE60: 128.25 | DG60: 3990.625 | DH60: 0.945 | DJ60: 3991.25 | DK60: 10.765 | DM60: 3988.75 | DN60: -0.075 | DP60: 3991 | DQ60: 0 | DS60: 3988.875 | DT60: 2.8675 | DV60: 3988 | DW60: 0.4 | DY60: 3987.5 | DZ60: 0.3 | EB60: 3988.875 | EC60: 0.0725 | EE60: 3992.375 | EF60: 0.2925 | EH60: 3312.875 | EI60: 0.3325 | EK60: 1200 | EL60: -0.0125 | EN60: 0.5 | EO60: -0.0025 | EQ60: 1.25
A61: 6.5332 | B61: 15.7625 | C61: 116.5597 | D61: 7394.75 | E61: -0.0175 | F61: 0 | G61: 0.25 | H61: -0.005 | I61: 0 | J61: 1.375 | K61: -0.015 | L61: 0 | M61: 1.625 | N61: 7.9525 | O61: 36.6034 | P61: 4602.75 | Q61: 3.23 | R61: 5.8265 | S61: 1803.875 | T61: 10.9 | U61: 11.5268 | V61: 1057.5 | W61: 3.45 | X61: 3.1779 | Y61: 921.125 | Z61: 1.55 | AA61: 0.7831 | AB61: 505.25 | AC61: 0.0325 | AD61: 0 | AE61: 0.75 | AF61: -0.0375 | AG61: 0 | AH61: 0.5 | AI61: 0.035 | AJ61: 0.0637 | AK61: 1821.375 | AL61: -0.0325 | AM61: 0 | AN61: 1 | AO61: 0 | AP61: 0 | AQ61: 1.75 | AR61: 53.945 | AS61: 69.67 | AT61: 1291.5 | AU61: 0.095 | AV61: 0.2842 | AW61: 2991.875 | AX61: 7.91 | AY61: 14.239 | AZ61: 1800.125 | BA61: 0.0075 | BB61: 0.0136 | BC61: 1816.75 | BF61: 3.2 | BG61: 5.784 | BH61: 1807.5 | BI61: 0.0075 | BJ61: 0 | BK61: 1.125 | BL61: 5.75 | BM61: 20.1746 | BN61: 3508.625 | BO61: 0.01 | BP61: 0.0182 | BQ61: 1821.875 | BR61: 0.01 | BS61: 0.0182 | BT61: 1821.625 | BU61: -0.45 | BV61: -0.8187 | BW61: 1819.375 | BX61: 2.05 | BY61: 3.732 | BZ61: 1820.5 | CA61: 0.15 | CB61: 0.273 | CC61: 1819.875 | CD61: 538.3575 | CE61: 948.9224 | CF61: 1762.625 | CG61: -0.1 | CH61: -0.1822 | CI61: 1821.5 | CJ61: 0.015 | CK61: 0.0273 | CL61: 1820.25 | CM61: 0.1 | CN61: 0.182 | CO61: 1819.5 | CP61: 0.0425 | CQ61: 0.0774 | CR61: 1821.25 | CS61: -0.05 | CT61: -0.091 | CU61: 1819 | CV61: 0.085 | CW61: 0.2799 | CX61: 3292.875 | CY61: 0.65 | CZ61: 2.5934 | DA61: 3989.875 | DB61: 31.31 | DC61: 124.8565 | DD61: 3987.75 | DE61: 110.9 | DF61: 442.7267 | DG61: 3992.125 | DH61: 1.005 | DI61: 4.0094 | DJ61: 3989.5 | DK61: 10.675 | DL61: 42.5946 | DM61: 3990.125 | DN61: 0.04 | DO61: 0.1596 | DP61: 3989.625 | DQ61: -0.5 | DR61: -1.9953 | DS61: 3990.5 | DT61: 2.95 | DU61: 11.7591 | DV61: 3986.125 | DW61: 0.5 | DX61: 1.9956 | DY61: 3991.25 | DZ61: 0.8 | EA61: 3.1931 | EB61: 3991.375 | EC61: 0.105 | ED61: 0.4192 | EE61: 3992.5 | EF61: 0.3 | EG61: 0.9933 | EH61: 3311.125 | EI61: 0.3225 | EJ61: 0.3865 | EK61: 1198.5 | EL61: 0.0225 | EM61: 0 | EN61: 0.5 | EO61: -0.0175 | EP61: 0 | EQ61: 1.375
A62: 6.6292 | B62: 15.3225 | C62: 113.285 | D62: 7393.375 | E62: 0 | F62: 0 | G62: 0.75 | H62: -0.0375 | I62: -0.0001 | J62: 1.375 | K62: -0.035 | L62: 0 | M62: 0.75 | N62: 7.975 | O62: 36.7199 | P62: 4604.375 | Q62: 3.44 | R62: 6.2071 | S62: 1804.375 | T62: 12.21 | U62: 12.9151 | V62: 1057.75 | W62: 6.05 | X62: 5.5819 | Y62: 922.625 | Z62: 1.85 | AA62: 0.9292 | AB62: 502.25 | AC62: -0.0075 | AD62: 0 | AE62: 0.5 | AF62: 0.0175 | AG62: 0 | AH62: 1.75 | AI62: -0.0075 | AJ62: -0.0137 | AK62: 1820.5 | AL62: -0.0425 | AM62: 0 | AN62: 0.5 | AO62: 0.25 | AP62: 0.0004 | AQ62: 1.75 | AR62: 54.4375 | AS62: 70.2856 | AT62: 1291.125 | AU62: 0.095 | AV62: 0.2842 | AW62: 2991.5 | AX62: 7.9425 | AY62: 14.3074 | AZ62: 1801.375 | BA62: -0.01 | BB62: -0.0182 | BC62: 1818.5 | BF62: 1.7325 | BG62: 3.1293 | BH62: 1806.25 | BI62: 0 | BJ62: 0 | BK62: 2.375 | BL62: 4.1 | BM62: 14.3879 | BN62: 3509.25 | BO62: 0.065 | BP62: 0.1182 | BQ62: 1819.125 | BR62: 0.0025 | BS62: 0.0046 | BT62: 1821.125 | BU62: 0.8 | BV62: 1.4553 | BW62: 1819.125 | BX62: 2.4 | BY62: 4.3689 | BZ62: 1820.375 | CA62: 0.16 | CB62: 0.2914 | CC62: 1821.375 | CD62: 538.7325 | CE62: 950.4588 | CF62: 1764.25 | CG62: 0.1 | CH62: 0.1819 | CI62: 1819.375 | CJ62: 0.0175 | CK62: 0.0318 | CL62: 1818.75 | CM62: 0.2125 | CN62: 0.3863 | CO62: 1817.875 | CP62: -0.0375 | CQ62: -0.0683 | CR62: 1820 | CS62: -0.2 | CT62: -0.3642 | CU62: 1821.125 | CV62: 6.2775 | CW62: 20.6585 | CX62: 3290.875 | CY62: 0.75 | CZ62: 2.9911 | DA62: 3988.125 | DB62: 30.24 | DC62: 120.5026 | DD62: 3984.875 | DE62: 117.25 | DF62: 467.9301 | DG62: 3990.875 | DH62: 0.89 | DI62: 3.5499 | DJ62: 3988.625 | DK62: 10.7375 | DL62: 42.8077 | DM62: 3986.75 | DN62: 0.03 | DO62: 0.1197 | DP62: 3989 | DQ62: 0.25 | DR62: 0.9965 | DS62: 3985.875 | DT62: 3.0175 | DU62: 12.0213 | DV62: 3983.875 | DW62: 0.25 | DX62: 0.9971 | DY62: 3988.375 | DZ62: 0.95 | EA62: 3.791 | EB62: 3990.5 | EC62: 0.0475 | ED62: 0.1895 | EE62: 3988.625 | EF62: 0.275 | EG62: 0.9113 | EH62: 3313.75 | EI62: 0.325 | EJ62: 0.3899 | EK62: 1199.625 | EL62: -0.0225 | EM62: 0 | EN62: 0.75 | EO62: 0.0025 | EP62: 0 | EQ62: 2
A63: 6.7252 | B63: 15.465 | C63: 114.3559 | D63: 7394.5 | E63: -0.0175 | F63: 0 | G63: 1 | H63: -0.01 | I63: 0 | J63: 1.125 | K63: -0.0475 | L63: 0 | M63: 0.875 | N63: 8.02 | O63: 36.9341 | P63: 4605.25 | Q63: 3.1725 | R63: 5.724 | S63: 1804.25 | T63: 9.0475 | U63: 9.5643 | V63: 1057.125 | W63: 2.1 | X63: 1.9352 | Y63: 921.5 | Z63: 1.25 | AA63: 0.6312 | AB63: 505 | AC63: 0.0025 | AD63: 0 | AE63: 1.625 | AF63: 0.0125 | AG63: 0 | AH63: 2.125 | AI63: -0.0125 | AJ63: -0.0228 | AK63: 1821.125 | AL63: -0.015 | AM63: 0 | AN63: 1 | AO63: 0.2 | AP63: 0.0002 | AQ63: 1 | AR63: 53.1625 | AS63: 68.5265 | AT63: 1289 | AU63: 0.09 | AV63: 0.2691 | AW63: 2989.875 | AX63: 7.9075 | AY63: 14.2127 | AZ63: 1797.375 | BA63: 0.015 | BB63: 0.0273 | BC63: 1819.375 | BF63: 0.63 | BG63: 1.1373 | BH63: 1805.25 | BI63: 0.045 | BJ63: 0.0001 | BK63: 2.25 | BL63: 7.85 | BM63: 27.5496 | BN63: 3509.5 | BO63: 0.055 | BP63: 0.1002 | BQ63: 1821.75 | BR63: -0.0225 | BS63: -0.041 | BT63: 1821.625 | BU63: 0 | BV63: 0 | BW63: 1817.25 | BX63: 2.6 | BY63: 4.7349 | BZ63: 1821.125 | CA63: 0.175 | CB63: 0.3187 | CC63: 1821 | CD63: 538.2475 | CE63: 947.7193 | CF63: 1760.75 | CG63: 0.45 | CH63: 0.8196 | CI63: 1821.25 | CJ63: -0.01 | CK63: -0.0182 | CL63: 1818.375 | CM63: 0.165 | CN63: 0.3001 | CO63: 1818.75 | CP63: 0.0025 | CQ63: 0.0045 | CR63: 1819.25 | CS63: 0.8 | CT63: 1.4558 | CU63: 1819.75 | CV63: 0.0325 | CW63: 0.1067 | CX63: 3284.25 | CY63: 1.5 | CZ63: 5.9846 | DA63: 3989.75 | DB63: 30.5625 | DC63: 121.952 | DD63: 3990.25 | DE63: 116.7 | DF63: 465.808 | DG63: 3991.5 | DH63: 0.94 | DI63: 3.7512 | DJ63: 3990.625 | DK63: 10.7975 | DL63: 43.0847 | DM63: 3990.25 | DN63: 0.1075 | DO63: 0.4292 | DP63: 3992.25 | DQ63: -0.4 | DR63: -1.5956 | DS63: 3988.875 | DT63: 3.1425 | DU63: 12.5268 | DV63: 3986.25 | DW63: 0.45 | DX63: 1.7959 | DY63: 3990.875 | DZ63: 0.55 | EA63: 2.1937 | EB63: 3988.625 | EC63: 0.0775 | ED63: 0.3094 | EE63: 3992.75 | EF63: 0.2825 | EG63: 0.9354 | EH63: 3311.25 | EI63: 0.32 | EJ63: 0.3846 | EK63: 1201.75 | EL63: 0.0375 | EM63: 0 | EN63: 1.25 | EO63: -0.015 | EP63: 0 | EQ63: 2
A64: 6.8212 | B64: 13.2725 | C64: 98.1634 | D64: 7396 | E64: 0.0025 | F64: 0 | G64: 0.875 | H64: -0.0125 | I64: 0 | J64: 1.375 | K64: -0.005 | L64: 0 | M64: 0.875 | N64: 7.95 | O64: 36.5988 | P64: 4603.625 | Q64: 2.95 | R64: 5.3218 | S64: 1804 | T64: 8.94 | U64: 9.463 | V64: 1058.5 | W64: 3.15 | X64: 2.8948 | Y64: 919 | Z64: 1.15 | AA64: 0.5792 | AB64: 503.625 | AC64: 0.01 | AD64: 0 | AE64: 1.5 | AF64: -0.0175 | AG64: 0 | AH64: 1.875 | AI64: 0.0175 | AJ64: 0.0319 | AK64: 1820.375 | AL64: 0 | AM64: 0 | AN64: 1.5 | AO64: 0.2 | AP64: 0.0003 | AQ64: 1.625 | AR64: 47.3775 | AS64: 61.2236 | AT64: 1292.25 | AU64: 0.0725 | AV64: 0.2169 | AW64: 2992.375 | AX64: 7.0075 | AY64: 12.6039 | AZ64: 1798.625 | BA64: 0.0075 | BB64: 0.0136 | BC64: 1817.375 | BF64: 1.7625 | BG64: 3.1835 | BH64: 1806.25 | BI64: -0.0175 | BJ64: 0 | BK64: 1.75 | BL64: 4.2 | BM64: 14.7467 | BN64: 3511.125 | BO64: 0.0275 | BP64: 0.05 | BQ64: 1819.375 | BR64: -0.0025 | BS64: -0.0045 | BT64: 1819.375 | BU64: 0.3 | BV64: 0.546 | BW64: 1820.125 | BX64: 1.35 | BY64: 2.4577 | BZ64: 1820.5 | CA64: 0.1775 | CB64: 0.3229 | CC64: 1819.25 | CD64: 538.8025 | CE64: 950.9864 | CF64: 1765 | CG64: 0.6 | CH64: 1.0924 | CI64: 1820.625 | CJ64: 0.03 | CK64: 0.0546 | CL64: 1819.125 | CM64: 0.08 | CN64: 0.1456 | CO64: 1819.375 | CP64: 0.005 | CQ64: 0.0091 | CR64: 1822.125 | CS64: 0.2 | CT64: 0.3638 | CU64: 1819.125 | CV64: 0.0025 | CW64: 0.0082 | CX64: 3291.375 | CY64: 0.8 | CZ64: 3.189 | DA64: 3986.25 | DB64: 25.7575 | DC64: 102.7628 | DD64: 3989.625 | DE64: 102.75 | DF64: 410.1523 | DG64: 3991.75 | DH64: 0.925 | DI64: 3.6916 | DJ64: 3990.875 | DK64: 10.7525 | DL64: 42.9146 | DM64: 3991.125 | DN64: -0.01 | DO64: -0.0399 | DP64: 3990.625 | DQ64: 0.15 | DR64: 0.5986 | DS64: 3990.75 | DT64: 2.815 | DU64: 11.2262 | DV64: 3988 | DW64: 0.25 | DX64: 0.9966 | DY64: 3986.5 | DZ64: 1.15 | EA64: 4.5925 | EB64: 3993.5 | EC64: 0.0425 | ED64: 0.1697 | EE64: 3991.875 | EF64: 0.2175 | EG64: 0.7203 | EH64: 3311.625 | EI64: 0.4 | EJ64: 0.4801 | EK64: 1200.25 | EL64: -0.005 | EM64: 0 | EN64: 0.875 | EO64: 0 | EP64: 0 | EQ64: 1.375
A65: 6.9172 | B65: 15.5325 | D65: 7396.25 | E65: -0.04 | G65: 1.375 | H65: -0.005 | J65: 1.875 | K65: -0.035 | M65: 1.875 | N65: 7.975 | P65: 4603.375 | Q65: 3.315 | S65: 1803 | T65: 10.36 | V65: 1058.375 | W65: 5.3 | Y65: 920 | Z65: 1.15 | AB65: 505.125 | AC65: 0.0225 | AE65: 1.25 | AF65: 0.0225 | AH65: 1.375 | AI65: -0.005 | AK65: 1822.625 | AL65: 0.0075 | AN65: 1.375 | AO65: -0.25 | AQ65: 2.125 | AR65: 54.8275 | AT65: 1291.875 | AU65: 0.1125 | AW65: 2994.375 | AX65: 7.8875 | AZ65: 1801.625 | BA65: 0.0475 | BC65: 1819.25 | BF65: 1.685 | BH65: 1805.625 | BI65: 0.0175 | BK65: 3.25 | BL65: 5.4 | BN65: 3510.375 | BO65: 0.015 | BQ65: 1822 | BR65: -0.005 | BT65: 1819 | BU65: 0.35 | BW65: 1819 | BX65: 2.45 | BZ65: 1818.75 | CA65: 0.1975 | CC65: 1818.375 | CD65: 538.375 | CF65: 1762.125 | CG65: -0.25 | CI65: 1822.875 | CJ65: 0.0225 | CL65: 1820.25 | CM65: 0.16 | CO65: 1816.875 | CP65: 0.0225 | CR65: 1820.625 | CS65: 0.6 | CU65: 1820.5 | CV65: 0.035 | CX65: 3293 | CY65: -0.05 | DA65: 3987.5 | DB65: 30.6575 | DD65: 3987.875 | DE65: 113.7 | DG65: 3990.875 | DH65: 1.03 | DJ65: 3988.125 | DK65: 10.635 | DM65: 3988.125 | DN65: 0.11 | DP65: 3993 | DQ65: 0.65 | DS65: 3990.375 | DT65: 2.745 | DV65: 3984.75 | DW65: 0.6 | DY65: 3989.5 | DZ65: 0.8 | EB65: 3991.125 | EC65: 0.0675 | EE65: 3992.5 | EF65: 2.625 | EH65: 3313.625 | EI65: 0.32 | EK65: 1200 | EL65: 0.0425 | EN65: 0.75 | EO65: -0.0125 | EQ65: 1.75
A66: 7.0132 | B66: 15.08 | D66: 7395.125 | E66: 0.01 | G66: 1 | H66: -0.015 | J66: 0.875 | K66: -0.0225 | M66: 1.625 | N66: 7.97 | P66: 4604.375 | Q66: 3.21 | S66: 1804.25 | T66: 10.6925 | V66: 1057.125 | W66: 4.05 | Y66: 920.375 | Z66: 2.4 | AB66: 502.5 | AC66: 0.01 | AE66: 1.125 | AF66: -0.005 | AH66: 1.375 | AI66: 0.0475 | AK66: 1820.875 | AL66: 0.005 | AN66: 1.75 | AO66: -0.85 | AQ66: 2.125 | AR66: 54.8675 | AT66: 1290.625 | AU66: 0.0775 | AW66: 2993.25 | AX66: 8.6125 | AZ66: 1801.75 | BA66: -0.0075 | BC66: 1817.375 | BF66: 1.8925 | BH66: 1804.75 | BI66: 0.0125 | BK66: 1.625 | BL66: 7.9 | BN66: 3507 | BO66: 0.03 | BQ66: 1820.125 | BR66: 0.0825 | BT66: 1821.875 | BU66: -0.3 | BW66: 1818.875 | BX66: 2.2 | BZ66: 1820 | CA66: 0.1975 | CC66: 1821.375 | CD66: 538.78 | CF66: 1762.75 | CG66: 0.2 | CI66: 1818.25 | CJ66: -0.015 | CL66: 1816.875 | CM66: 0.15 | CO66: 1818.125 | CP66: 0.02 | CR66: 1821.625 | CS66: 0.75 | CU66: 1821 | CV66: 0.0625 | CX66: 3292 | CY66: 1.25 | DA66: 3988.75 | DB66: 30.2075 | DD66: 3985.875 | DE66: 115.95 | DG66: 3990.75 | DH66: 0.8975 | DJ66: 3989.75 | DK66: 10.7475 | DM66: 3989.375 | DN66: 0.06 | DP66: 3992.5 | DQ66: -0.3 | DS66: 3988.75 | DT66: 2.605 | DV66: 3989 | DW66: 1.05 | DY66: 3989.875 | DZ66: 0.75 | EB66: 3990.375 | EC66: 0.0675 | EE66: 3991.25 | EF66: 0.3025 | EH66: 3311.25 | EI66: 0.33 | EK66: 1199.25 | EL66: 0.0125 | EN66: 1.25 | EO66: 0 | EQ66: 1.125
A67: 7.1092 | B67: 15.3925 | C67: 113.8506 | D67: 7396.5 | E67: 0.025 | F67: 0.0001 | G67: 2 | H67: -0.02 | I67: 0 | J67: 1 | K67: -0.0175 | L67: 0 | M67: 1.625 | N67: 8 | O67: 36.839 | P67: 4604.875 | Q67: 3.82 | R67: 6.8903 | S67: 1803.75 | T67: 10.3 | U67: 10.891 | V67: 1057.375 | W67: 4.65 | X67: 4.2885 | Y67: 922.25 | Z67: 1.4 | AA67: 0.7023 | AB67: 501.625 | AC67: 0.0075 | AD67: 0 | AE67: 1 | AF67: 0.005 | AG67: 0 | AH67: 1.75 | AI67: 0.005 | AJ67: 0.0091 | AK67: 1821.375 | AL67: 0 | AM67: 0 | AN67: 0.5 | AO67: -0.05 | AP67: -0.0001 | AQ67: 1.25 | AR67: 53.7225 | AS67: 69.3356 | AT67: 1290.625 | AU67: 0.0675 | AV67: 0.202 | AW67: 2992.5 | AX67: 7.935 | AY67: 14.2612 | AZ67: 1797.25 | BA67: 0.0125 | BB67: 0.0227 | BC67: 1819.25 | BF67: 1.0025 | BG67: 1.8101 | BH67: 1805.625 | BI67: -0.04 | BJ67: -0.0001 | BK67: 2.25 | BL67: 6.35 | BM67: 22.2607 | BN67: 3505.625 | BO67: 0.005 | BP67: 0.0091 | BQ67: 1822 | BR67: 0.0875 | BS67: 0.1593 | BT67: 1821 | BU67: 0.4 | BV67: 0.7276 | BW67: 1819 | BX67: 1.95 | BY67: 3.5497 | BZ67: 1820.375 | CA67: 0.1975 | CB67: 0.3592 | CC67: 1818.75 | CD67: 538.49 | CE67: 948.954 | CF67: 1762.25 | CG67: 0 | CH67: 0 | CI67: 1818.75 | CJ67: 0.03 | CK67: 0.0546 | CL67: 1818.5 | CM67: 0.0875 | CN67: 0.1592 | CO67: 1819.875 | CP67: -0.01 | CQ67: -0.0182 | CR67: 1824 | CS67: -0.1 | CT67: -0.1819 | CU67: 1819.375 | CV67: 0.01 | CW67: 0.0329 | CX67: 3294.125 | CY67: 0.5 | CZ67: 1.9938 | DA67: 3987.625 | DB67: 30.3925 | DC67: 121.1217 | DD67: 3985.25 | DE67: 129.95 | DF67: 518.4193 | DG67: 3989.375 | DH67: 0.93 | DI67: 3.7107 | DJ67: 3990 | DK67: 10.8025 | DL67: 43.0736 | DM67: 3987.375 | DN67: 0.0175 | DO67: 0.0698 | DP67: 3988 | DQ67: 0.1 | DR67: 0.3988 | DS67: 3988.375 | DT67: 2.755 | DU67: 10.9825 | DV67: 3986.375 | DW67: 0.3 | DX67: 1.1963 | DY67: 3987.75 | DZ67: 0.85 | EA67: 3.3892 | EB67: 3987.25 | EC67: 0.0525 | ED67: 0.2095 | EE67: 3990.375 | EF67: 0.25 | EG67: 0.8278 | EH67: 3311.25 | EI67: 0.34 | EJ67: 0.4082 | EK67: 1200.625 | EL67: 0.015 | EM67: 0 | EN67: 2.25 | EO67: -0.01 | EP67: 0 | EQ67: 1.375
A68: 7.2052 | B68: 16.81 | C68: 124.2952 | D68: 7394.125 | E68: 0.005 | F68: 0 | G68: 1.375 | H68: -0.02 | I68: 0 | J68: 2 | K68: 0.0075 | L68: 0 | M68: 1.625 | N68: 7.9425 | O68: 36.5712 | P68: 4604.5 | Q68: 3.13 | R68: 5.6407 | S68: 1802.125 | T68: 11.175 | U68: 11.812 | V68: 1057 | W68: 4.55 | X68: 4.1911 | Y68: 921.125 | Z68: 1.85 | AA68: 0.9315 | AB68: 503.5 | AC68: 0.0125 | AD68: 0 | AE68: 1.5 | AF68: 0 | AG68: 0 | AH68: 2 | AI68: 0.025 | AJ68: 0.0455 | AK68: 1820.875 | AL68: -0.015 | AM68: 0 | AN68: 1.5 | AO68: 0.7 | AP68: 0.0008 | AQ68: 1.125 | AR68: 51.4575 | AS68: 66.5603 | AT68: 1293.5 | AU68: 0.0575 | AV68: 0.172 | AW68: 2991 | AX68: 7.8925 | AY68: 14.2026 | AZ68: 1799.5 | BA68: 0.0275 | BB68: 0.05 | BC68: 1816.75 | BF68: 0.6775 | BG68: 1.2243 | BH68: 1807.125 | BI68: -0.0025 | BJ68: 0 | BK68: 1.25 | BL68: 5.65 | BM68: 19.8527 | BN68: 3513.75 | BO68: 0.0325 | BP68: 0.0592 | BQ68: 1820.125 | BR68: 0.0325 | BS68: 0.0592 | BT68: 1820.25 | BU68: 0.6 | BV68: 1.092 | BW68: 1820 | BX68: 1.45 | BY68: 2.6392 | BZ68: 1820.125 | CA68: 0.2275 | CB68: 0.4146 | CC68: 1822.625 | CD68: 537.9675 | CE68: 947.966 | CF68: 1762.125 | CG68: 0.25 | CH68: 0.4552 | CI68: 1821 | CJ68: 0.0075 | CK68: 0.0136 | CL68: 1818.5 | CM68: 0.225 | CN68: 0.41 | CO68: 1822.25 | CP68: 0.0075 | CQ68: 0.0137 | CR68: 1822 | CS68: 0 | CT68: 0 | CU68: 1818.75 | CV68: 0.03 | CW68: 0.0988 | CX68: 3294 | CY68: 0.65 | CZ68: 2.5925 | DA68: 3988.5 | DB68: 31.31 | DC68: 124.8017 | DD68: 3986 | DE68: 110.2 | DF68: 440.0424 | DG68: 3993.125 | DH68: 0.91 | DI68: 3.629 | DJ68: 3987.875 | DK68: 10.7725 | DL68: 42.9796 | DM68: 3989.75 | DN68: 0.0775 | DO68: 0.3092 | DP68: 3989.5 | DQ68: 0.35 | DR68: 1.3971 | DS68: 3991.625 | DT68: 2.99 | DU68: 11.9223 | DV68: 3987.375 | DW68: 0.75 | DX68: 2.9902 | DY68: 3986.875 | DZ68: 0.45 | EA68: 1.7961 | EB68: 3991.375 | EC68: 0.0125 | ED68: 0.0499 | EE68: 3992.625 | EF68: 0.285 | EG68: 0.944 | EH68: 3312.25 | EI68: 0.365 | EJ68: 0.4375 | EK68: 1198.75 | EL68: 0.025 | EM68: 0.0001 | EN68: 2.375 | EO68: 0.0125 | EP68: 0 | EQ68: 1.375
A69: 7.3012 | B69: 13.0525 | C69: 96.52 | D69: 7394.75 | E69: 0.0075 | F69: 0 | G69: 0.875 | H69: -0.03 | I69: -0.0001 | J69: 2.25 | K69: -0.015 | L69: 0 | M69: 1.5 | N69: 8.0175 | O69: 36.9246 | P69: 4605.5 | Q69: 2.9 | R69: 5.2312 | S69: 1803.875 | T69: 9.36 | U69: 9.9134 | V69: 1059.125 | W69: 2.8 | X69: 2.5756 | Y69: 919.875 | Z69: 0.95 | AA69: 0.4767 | AB69: 501.75 | AC69: -0.0275 | AD69: 0 | AE69: 1.25 | AF69: -0.01 | AG69: 0 | AH69: 0 | AI69: 0.0225 | AJ69: 0.041 | AK69: 1820.5 | AL69: -0.0275 | AM69: 0 | AN69: 0.75 | AO69: 0.05 | AP69: 0.0001 | AQ69: 1.625 | AR69: 47.715 | AS69: 61.7611 | AT69: 1294.375 | AU69: 0.0875 | AV69: 0.262 | AW69: 2994 | AX69: 7.02 | AY69: 12.65 | AZ69: 1802 | BA69: 0.0375 | BB69: 0.0682 | BC69: 1817.5 | BF69: 2.7025 | BG69: 4.8777 | BH69: 1804.875 | BI69: 0.005 | BJ69: 0 | BK69: 2 | BL69: 5.25 | BM69: 18.4177 | BN69: 3508.125 | BO69: 0.0325 | BP69: 0.0592 | BQ69: 1821 | BR69: 0.0175 | BS69: 0.0319 | BT69: 1820.375 | BU69: -0.05 | BV69: -0.091 | BW69: 1819.375 | BX69: 2.3 | BY69: 4.1851 | BZ69: 1819.625 | CA69: 0.175 | CB69: 0.3189 | CC69: 1822.125 | CD69: 538.865 | CE69: 950.3558 | CF69: 1763.625 | CG69: 0.15 | CH69: 0.2726 | CI69: 1817.375 | CJ69: -0.0025 | CK69: -0.0045 | CL69: 1816.875 | CM69: 0.08 | CN69: 0.1456 | CO69: 1819.875 | CP69: 0.005 | CQ69: 0.0091 | CR69: 1820.375 | CS69: -0.5 | CT69: -0.9111 | CU69: 1822.25 | CV69: 0.0575 | CW69: 0.1892 | CX69: 3289.625 | CY69: 0.95 | CZ69: 3.7938 | DA69: 3993.5 | DB69: 25.7825 | DC69: 102.8754 | DD69: 3990.125 | DE69: 103.7 | DF69: 414.0741 | DG69: 3993 | DH69: 0.9475 | DI69: 3.7817 | DJ69: 3991.25 | DK69: 10.7775 | DL69: 43.0117 | DM69: 3990.875 | DN69: 0.015 | DO69: 0.0599 | DP69: 3991.375 | DQ69: 0.55 | DR69: 2.195 | DS69: 3990.875 | DT69: 2.765 | DU69: 11.031 | DV69: 3989.5 | DW69: 0.7 | DX69: 2.7933 | DY69: 3990.5 | DZ69: 0.9 | EA69: 3.5927 | EB69: 3991.875 | EC69: 0.1025 | ED69: 0.4092 | EE69: 3992.25 | EF69: 4.705 | EG69: 15.5859 | EH69: 3312.625 | EI69: 0.3325 | EJ69: 0.3989 | EK69: 1199.625 | EL69: 0.0475 | EM69: 0 | EN69: 0.75 | EO69: -0.0025 | EP69: 0 | EQ69: 1.125
A70: 7.3972 | B70: 15.45 | D70: 7397.875 | E70: 0.0125 | G70: 0.875 | H70: -0.0475 | J70: 2 | K70: -0.025 | M70: 1.375 | N70: 7.975 | P70: 4604 | Q70: 3.205 | S70: 1804 | T70: 11.5675 | V70: 1057.875 | W70: 2.5 | Y70: 920.625 | Z70: 1.95 | AB70: 502.125 | AC70: 0.0075 | AE70: 0.75 | AF70: 0.0475 | AH70: 1.75 | AI70: -0.0025 | AK70: 1822.625 | AL70: -0.0275 | AN70: 2 | AO70: -0.2 | AQ70: 1 | AR70: 51.9525 | AT70: 1291.5 | AU70: 0.09 | AW70: 2992 | AX70: 7.895 | AZ70: 1798.25 | BA70: 0.015 | BC70: 1818 | BF70: 0.8675 | BH70: 1806.625 | BI70: -0.0225 | BK70: 3.25 | BL70: 10.65 | BN70: 3507.5 | BO70: 0.065 | BQ70: 1821.625 | BR70: 0.0275 | BT70: 1821.625 | BU70: 0.95 | BW70: 1820.125 | BX70: 1.95 | BZ70: 1821.125 | CA70: 0.2175 | CC70: 1820 | CD70: 538.0075 | CF70: 1762.625 | CG70: -0.25 | CI70: 1819 | CJ70: 0.0275 | CL70: 1817.5 | CM70: 0.1525 | CO70: 1819.125 | CP70: 0.0275 | CR70: 1819.25 | CS70: 0.5 | CU70: 1818.375 | CV70: 0.0475 | CX70: 3292.375 | CY70: 1.75 | DA70: 3989.125 | DB70: 30.905 | DD70: 3989.25 | DE70: 122.55 | DG70: 3989.625 | DH70: 0.93 | DJ70: 3988.375 | DK70: 10.8675 | DM70: 3988.625 | DN70: 0.0475 | DP70: 3991.125 | DQ70: 0.55 | DS70: 3990.375 | DT70: 2.495 | DV70: 3987.875 | DW70: 1.95 | DY70: 3991 | DZ70: 0.8 | EB70: 3989 | EC70: 0.045 | EE70: 3992.75 | EF70: 0.3 | EH70: 3311 | EI70: 0.3125 | EK70: 1202.5 | EL70: -0.0275 | EN70: 2 | EO70: 0.015 | EQ70: 1.875
A71: 7.4932 | B71: 15.2475 | D71: 7394.125 | E71: -0.04 | G71: 1.75 | H71: -0.0575 | J71: 2.625 | K71: -0.0075 | M71: 0.5 | N71: 7.945 | P71: 4606.375 | Q71: 3.105 | S71: 1802.75 | T71: 8.0525 | V71: 1056.375 | W71: 5.3 | Y71: 921.25 | Z71: 1.3 | AB71: 503.5 | AC71: 0.05 | AE71: 0.5 | AF71: 0.015 | AH71: 1 | AI71: 0 | AK71: 1821.125 | AL71: -0.04 | AN71: 1.375 | AO71: 0.35 | AQ71: 0.875 | AR71: 56.5425 | AT71: 1289.75 | AU71: 0.1275 | AW71: 2992.125 | AX71: 7.87 | AZ71: 1800.25 | BA71: 0.0475 | BC71: 1816.125 | BF71: 3.1725 | BH71: 1805.5 | BI71: 0.0025 | BK71: 1.125 | BL71: 12.05 | BN71: 3510.125 | BO71: 0.0225 | BQ71: 1819.875 | BR71: 0.015 | BT71: 1818.375 | BU71: 0.1 | BW71: 1821.5 | BX71: 1.4 | BZ71: 1820.375 | CA71: 0.175 | CC71: 1820.375 | CD71: 538.7025 | CF71: 1764.375 | CG71: 0.4 | CI71: 1823.125 | CJ71: 0.0225 | CL71: 1817.375 | CM71: 0.165 | CO71: 1820.375 | CP71: 0.0225 | CR71: 1820.75 | CS71: 0.45 | CU71: 1820.625 | CV71: 0.0125 | CX71: 3290.25 | CY71: 0.1 | DA71: 3988.25 | DB71: 30.115 | DD71: 3987.125 | DE71: 114.25 | DG71: 3990.875 | DH71: 0.9375 | DJ71: 3989.375 | DK71: 10.6975 | DM71: 3990.125 | DN71: 0.12 | DP71: 3989.125 | DQ71: -0.25 | DS71: 3989.125 | DT71: 3.0825 | DV71: 3985.875 | DW71: 0.5 | DY71: 3990.875 | DZ71: 0.8 | EB71: 3990.375 | EC71: 0.0725 | EE71: 3990 | EF71: 4.0125 | EH71: 3312.5 | EI71: 0.335 | EK71: 1199.25 | EL71: 0.005 | EN71: 1.875 | EO71: -0.015 | EQ71: 0.875
A72: 7.5892 | B72: 15.36 | C72: 113.5834 | D72: 7394.75 | E72: 0.025 | F72: 0 | G72: 1.375 | H72: -0.015 | I72: 0 | J72: 1 | K72: 0.0225 | L72: 0.0001 | M72: 3.375 | N72: 8.04 | O72: 37.0272 | P72: 4605.375 | Q72: 3.26 | R72: 5.879 | S72: 1803.375 | T72: 11.825 | U72: 12.5197 | V72: 1058.75 | W72: 3.6 | X72: 3.312 | Y72: 920 | Z72: 0.4 | AA72: 0.2015 | AB72: 503.625 | AC72: 0.0275 | AD72: 0.0001 | AE72: 2 | AF72: 0.0125 | AG72: 0 | AH72: 0.75 | AI72: 0.02 | AJ72: 0.0364 | AK72: 1819.875 | AL72: 0 | AM72: 0 | AN72: 0.625 | AO72: 0.75 | AP72: 0.0006 | AQ72: 0.75 | AR72: 53.6675 | AS72: 69.3317 | AT72: 1291.875 | AU72: 0.1125 | AV72: 0.3368 | AW72: 2993.5 | AX72: 7.9325 | AY72: 14.2626 | AZ72: 1798 | BA72: 0.03 | BB72: 0.0546 | BC72: 1819 | BF72: 1.565 | BG72: 2.8264 | BH72: 1806 | BI72: 0.0125 | BJ72: 0 | BK72: 1.375 | BL72: 7.35 | BM72: 25.793 | BN72: 3509.25 | BO72: 0.045 | BP72: 0.082 | BQ72: 1821.25 | BR72: 0.0275 | BS72: 0.0501 | BT72: 1821 | BU72: -0.15 | BV72: -0.2729 | BW72: 1819.375 | BX72: 2.05 | BY72: 3.7323 | BZ72: 1820.625 | CA72: 0.195 | CB72: 0.3548 | CC72: 1819.375 | CD72: 538.41 | CE72: 950.159 | CF72: 1764.75 | CG72: 0.45 | CH72: 0.8188 | CI72: 1819.625 | CJ72: 0.0225 | CK72: 0.0409 | CL72: 1819 | CM72: 0.14 | CN72: 0.2547 | CO72: 1819.625 | CP72: -0.0275 | CQ72: -0.0501 | CR72: 1821.375 | CS72: 0.5 | CT72: 0.9101 | CU72: 1820.25 | CV72: 6.4075 | CW72: 21.0863 | CX72: 3290.875 | CY72: 0.75 | CZ72: 2.9914 | DA72: 3988.5 | DB72: 30.3925 | DC72: 121.2091 | DD72: 3988.125 | DE72: 113.3 | DF72: 452.1661 | DG72: 3990.875 | DH72: 0.9475 | DI72: 3.7801 | DJ72: 3989.5 | DK72: 10.7625 | DL72: 42.9316 | DM72: 3989 | DN72: 0.0325 | DO72: 0.1296 | DP72: 3988.625 | DQ72: -0.2 | DR72: -0.7979 | DS72: 3989.25 | DT72: 2.9075 | DU72: 11.5977 | DV72: 3988.875 | DW72: 1.6 | DX72: 6.3766 | DY72: 3985.375 | DZ72: 0.25 | EA72: 0.9978 | EB72: 3991.25 | EC72: 0.0725 | ED72: 0.2893 | EE72: 3991 | EF72: 0.6225 | EG72: 2.0615 | EH72: 3311.625 | EI72: 0.315 | EJ72: 0.3781 | EK72: 1200.25 | EL72: -0.0025 | EM72: 0 | EN72: 0.5 | EO72: 0.0125 | EP72: 0 | EQ72: 1.125
A73: 7.6852 | B73: 17.3225 | C73: 128.1107 | D73: 7395.625 | E73: -0.0175 | F73: 0 | G73: 2.125 | H73: 0.02 | I73: 0 | J73: 1.375 | K73: -0.0125 | L73: 0 | M73: 0.875 | N73: 8.0175 | O73: 36.9166 | P73: 4604.5 | Q73: 3.2525 | R73: 5.8667 | S73: 1803.75 | T73: 13.07 | U73: 13.864 | V73: 1060.75 | W73: 4.6 | X73: 4.2372 | Y73: 921.125 | Z73: 1.75 | AA73: 0.8807 | AB73: 503.25 | AC73: 0.005 | AD73: 0 | AE73: 0.5 | AF73: 0.04 | AG73: 0 | AH73: 0.5 | AI73: -0.01 | AJ73: -0.0182 | AK73: 1821 | AL73: -0.045 | AM73: 0 | AN73: 0.75 | AO73: -0.4 | AP73: -0.0007 | AQ73: 1.75 | AR73: 45.8425 | AS73: 59.2457 | AT73: 1292.375 | AU73: 0.1025 | AV73: 0.3068 | AW73: 2992.75 | AX73: 8.5725 | AY73: 15.4305 | AZ73: 1800 | BA73: 0.0225 | BB73: 0.0409 | BC73: 1819.125 | BF73: 1.2825 | BG73: 2.3157 | BH73: 1805.625 | BI73: 0.0125 | BJ73: 0 | BK73: 1.375 | BL73: 3.9 | BM73: 13.7007 | BN73: 3513 | BO73: 0.0825 | BP73: 0.1503 | BQ73: 1821.5 | BR73: 0.0025 | BS73: 0.0046 | BT73: 1821.375 | BU73: -0.1 | BV73: -0.182 | BW73: 1820.125 | BX73: 3.15 | BY73: 5.7318 | BZ73: 1819.625 | CA73: 0.1975 | CB73: 0.3594 | CC73: 1820 | CD73: 538.655 | CE73: 950.5914 | CF73: 1764.75 | CG73: 0.7 | CH73: 1.2736 | CI73: 1819.5 | CJ73: 0.065 | CK73: 0.1183 | CL73: 1820.25 | CM73: 0.235 | CN73: 0.4274 | CO73: 1818.75 | CP73: 0.04 | CQ73: 0.0729 | CR73: 1823 | CS73: -0.1 | CT73: -0.1821 | CU73: 1821.125 | CV73: 0.04 | CW73: 0.1317 | CX73: 3293.375 | CY73: 1.6 | CZ73: 6.382 | DA73: 3988.75 | DB73: 30.5575 | DC73: 121.848 | DD73: 3987.5 | DE73: 109.25 | DF73: 436.2216 | DG73: 3992.875 | DH73: 0.995 | DI73: 3.9697 | DJ73: 3989.625 | DK73: 10.7575 | DL73: 42.9157 | DM73: 3989.375 | DN73: -0.0125 | DO73: -0.0499 | DP73: 3992.875 | DQ73: -0.05 | DR73: -0.1995 | DS73: 3990.25 | DT73: 2.8475 | DU73: 11.3573 | DV73: 3988.5 | DW73: 0.5 | DX73: 1.9957 | DY73: 3991.375 | DZ73: 0.7 | EA73: 2.7941 | EB73: 3991.625 | EC73: 0.0525 | ED73: 0.2096 | EE73: 3992.25 | EF73: 2.5525 | EG73: 8.4542 | EH73: 3312.125 | EI73: 0.395 | EJ73: 0.474 | EK73: 1200 | EL73: -0.0125 | EM73: 0 | EN73: 1.625 | EO73: 0.0425 | EP73: 0.0001 | EQ73: 1.875
A74: 7.7812 | B74: 13.045 | C74: 96.4319 | D74: 7392.25 | E74: -0.0175 | F74: 0 | G74: 1.625 | H74: -0.0525 | I74: -0.0001 | J74: 1.125 | K74: -0.0225 | L74: 0 | M74: 1.75 | N74: 7.995 | O74: 36.824 | P74: 4605.875 | Q74: 3.09 | R74: 5.5728 | S74: 1803.5 | T74: 9.2925 | U74: 9.8303 | V74: 1057.875 | W74: 3.85 | X74: 3.5492 | Y74: 921.875 | Z74: 0.6 | AA74: 0.3016 | AB74: 502.625 | AC74: -0.0225 | AD74: 0 | AE74: 0.875 | AF74: -0.0275 | AG74: -0.0001 | AH74: 2 | AI74: 0.025 | AJ74: 0.0455 | AK74: 1820 | AL74: -0.0075 | AM74: 0 | AN74: 1.875 | AO74: -0.5 | AP74: -0.0009 | AQ74: 1.875 | AR74: 47.5025 | AS74: 61.3614 | AT74: 1291.75 | AU74: 0.1 | AV74: 0.2992 | AW74: 2991.875 | AX74: 7.095 | AY74: 12.7843 | AZ74: 1801.875 | BA74: 0.005 | BB74: 0.0091 | BC74: 1817.375 | BF74: 1.265 | BG74: 2.2841 | BH74: 1805.625 | BI74: 0.0175 | BJ74: 0 | BK74: 1.375 | BL74: 6.25 | BM74: 21.9211 | BN74: 3507.375 | BO74: 0.0275 | BP74: 0.0501 | BQ74: 1820.625 | BR74: 0.0275 | BS74: 0.0501 | BT74: 1820.5 | BU74: -0.85 | BV74: -1.5457 | BW74: 1818.5 | BX74: 1.35 | BY74: 2.4587 | BZ74: 1821.25 | CA74: 0.245 | CB74: 0.4465 | CC74: 1822.375 | CD74: 538.5825 | CE74: 949.117 | CF74: 1762.25 | CG74: 0.45 | CH74: 0.82 | CI74: 1822.25 | CJ74: 0.01 | CK74: 0.0182 | CL74: 1818.75 | CM74: 0.11 | CN74: 0.1999 | CO74: 1817.375 | CP74: 0.0025 | CQ74: 0.0046 | CR74: 1821 | CS74: -0.15 | CT74: -0.2729 | CU74: 1819.5 | CV74: 0.01 | CW74: 0.033 | CX74: 3295.75 | CY74: 1.3 | CZ74: 5.1828 | DA74: 3986.75 | DB74: 25.865 | DC74: 103.1432 | DD74: 3987.75 | DE74: 120.75 | DF74: 482.0793 | DG74: 3992.375 | DH74: 0.895 | DI74: 3.5706 | DJ74: 3989.5 | DK74: 10.8325 | DL74: 43.2149 | DM74: 3989.375 | DN74: 0.0575 | DO74: 0.2295 | DP74: 3991.125 | DQ74: 0.05 | DR74: 0.1996 | DS74: 3991.875 | DT74: 2.67 | DU74: 10.6493 | DV74: 3988.5 | DW74: 0.8 | DX74: 3.1924 | DY74: 3990.5 | DZ74: 1.2 | EA74: 4.7876 | EB74: 3989.625 | EC74: 0.08 | ED74: 0.3193 | EE74: 3991.25 | EF74: 0.29 | EG74: 0.9608 | EH74: 3313.25 | EI74: 0.2975 | EJ74: 0.357 | EK74: 1200 | EL74: -0.0075 | EM74: 0 | EN74: 0.75 | EO74: 0.0225 | EP74: 0 | EQ74: 1.75
A75: 7.8772 | B75: 16 | C75: 118.276 | D75: 7392.25 | E75: 0.0075 | F75: 0 | G75: 1.75 | H75: -0.025 | I75: 0 | J75: 1 | K75: 0.0025 | L75: 0 | M75: 0.75 | N75: 8.1 | O75: 37.2944 | P75: 4604.25 | Q75: 3.1775 | R75: 5.7366 | S75: 1805.375 | T75: 10.6175 | U75: 11.2439 | V75: 1059 | W75: 3.75 | X75: 3.4528 | Y75: 920.75 | Z75: 1.5 | AA75: 0.7538 | AB75: 502.5 | AC75: -0.04 | AD75: -0.0001 | AE75: 1.25 | AF75: 0 | AG75: 0 | AH75: 0.875 | AI75: 0.025 | AJ75: 0.0455 | AK75: 1820.375 | AL75: -0.0275 | AM75: -0.0001 | AN75: 2.5 | AO75: 0.1 | AP75: 0.0001 | AQ75: 1.125 | AR75: 52.255 | AS75: 67.5592 | AT75: 1292.875 | AU75: 0.075 | AV75: 0.2243 | AW75: 2990.625 | AX75: 7.905 | AY75: 14.2142 | AZ75: 1798.125 | BA75: 0.0175 | BB75: 0.0318 | BC75: 1819.75 | BF75: 0.9125 | BG75: 1.6493 | BH75: 1807.5 | BI75: -0.03 | BJ75: 0 | BK75: 1.625 | BL75: 7.6 | BM75: 26.6902 | BN75: 3511.875 | BO75: 0.035 | BP75: 0.0637 | BQ75: 1820.375 | BR75: 0.0325 | BS75: 0.0591 | BT75: 1819.875 | BU75: 0.7 | BV75: 1.2729 | BW75: 1818.5 | BX75: 1.5 | BY75: 2.733 | BZ75: 1822 | CA75: 0.1275 | CB75: 0.2319 | CC75: 1818.75 | CD75: 538.83 | CE75: 949.4185 | CF75: 1762 | CG75: 0.6 | CH75: 1.0933 | CI75: 1822.25 | CJ75: -0.005 | CK75: -0.0091 | CL75: 1816.75 | CM75: 0.145 | CN75: 0.2638 | CO75: 1819 | CP75: 0.055 | CQ75: 0.1001 | CR75: 1820 | CS75: 0.45 | CT75: 0.8186 | CU75: 1819 | CV75: 0.0575 | CW75: 0.1888 | CX75: 3283.5 | CY75: 0.95 | CZ75: 3.7897 | DA75: 3989.125 | DB75: 33.4825 | DC75: 133.5366 | DD75: 3988.25 | DE75: 113.85 | DF75: 454.3753 | DG75: 3991 | DH75: 0.985 | DI75: 3.9303 | DJ75: 3990.125 | DK75: 10.745 | DL75: 42.8699 | DM75: 3989.75 | DN75: 0.06 | DO75: 0.2395 | DP75: 3991.875 | DQ75: 0.15 | DR75: 0.5983 | DS75: 3988.875 | DT75: 2.6575 | DU75: 10.6034 | DV75: 3990 | DW75: 0.55 | DX75: 2.1958 | DY75: 3992.375 | DZ75: 0.35 | EA75: 1.3966 | EB75: 3990.375 | EC75: 0.07 | ED75: 0.2794 | EE75: 3991.125 | EF75: 0.275 | EG75: 0.9107 | EH75: 3311.5 | EI75: 0.28 | EJ75: 0.3356 | EK75: 1198.5 | EL75: -0.0475 | EM75: -0.0001 | EN75: 1.875 | EO75: 0 | EP75: 0 | EQ75: 1.375
A76: 7.9732 | B76: 15.0775 | D76: 7396.75 | E76: -0.0225 | G76: 0.5 | H76: -0.0625 | J76: 0.5 | K76: -0.0225 | M76: 0.25 | N76: 7.97 | P76: 4604.75 | Q76: 5.2275 | S76: 1803.25 | T76: 21.985 | V76: 1058.375 | W76: 11.75 | Y76: 922.25 | Z76: 6.25 | AB76: 502.75 | AC76: 0 | AE76: 0.25 | AF76: -0.0225 | AH76: 1 | AI76: -0.01 | AK76: 1821 | AL76: 0.03 | AN76: 0.875 | AO76: -0.6 | AQ76: 0.75 | AR76: 54.5025 | AT76: 1292.625 | AU76: 0.1125 | AW76: 2989.625 | AX76: 7.875 | AZ76: 1798.625 | BA76: 0.01 | BC76: 1819.375 | BF76: 2.685 | BH76: 1805.625 | BI76: 3.9175 | BK76: 1019 | BL76: 7.8 | BN76: 3502.125 | BO76: 0.01 | BQ76: 1819.875 | BR76: -0.0025 | BT76: 1822.625 | BU76: -0.2 | BW76: 1821.125 | BX76: 3.25 | BZ76: 1819.75 | CA76: 0.2275 | CC76: 1818.875 | CD76: 538.545 | CF76: 1763.5 | CG76: 0.3 | CI76: 1821.875 | CJ76: 0.01 | CL76: 1818.375 | CM76: 0.1575 | CO76: 1820.5 | CP76: 0.0125 | CR76: 1822.75 | CS76: 0.2 | CU76: 1819.25 | CV76: 0.0325 | CX76: 3293.25 | CY76: 1.6 | DA76: 3973.625 | DB76: 30.185 | DD76: 3970.25 | DE76: 221.25 | DG76: 3976.25 | DH76: 0.925 | DJ76: 3975.125 | DK76: 10.83 | DM76: 3974.625 | DN76: -0.0175 | DP76: 3974 | DQ76: 0.25 | DS76: 3974.125 | DT76: 2.7325 | DV76: 3969.875 | DW76: 0.25 | DY76: 3972.75 | DZ76: 1.05 | EB76: 3974 | EC76: 0.025 | EE76: 3975.25 | EF76: 1.275 | EH76: 3311.75 | EI76: 28.8625 | EK76: 1199.25 | EL76: 0.0175 | EN76: 0.875 | EO76: 0.0225 | EQ76: 1.125
A77: 8.0692 | B77: 15.4225 | D77: 7394.5 | E77: 0.01 | G77: 1.625 | H77: -0.0525 | J77: 1 | K77: 0.0025 | M77: 2.875 | N77: 7.9875 | P77: 4604.875 | Q77: 9.3775 | S77: 1802.875 | T77: 58.5425 | V77: 1058.75 | W77: 19.85 | Y77: 920.75 | Z77: 13 | AB77: 503.5 | AC77: 0.01 | AE77: 0.75 | AF77: 0.035 | AH77: 1.5 | AI77: 0.0225 | AK77: 1820.875 | AL77: 0.0075 | AN77: 0.75 | AO77: 0.65 | AQ77: 0.5 | AR77: 53.1275 | AT77: 1290.875 | AU77: 0.085 | AW77: 2991.5 | AX77: 7.9225 | AZ77: 1799 | BA77: 0.0225 | BC77: 1818.625 | BF77: 1.3675 | BH77: 1805.25 | BI77: 1.2075 | BK77: 2551.875 | BL77: 5.7 | BN77: 3501.875 | BO77: 0.0375 | BQ77: 1820.875 | BR77: 0.015 | BT77: 1821.875 | BU77: 0.5 | BW77: 1820.625 | BX77: 2.2 | BZ77: 1821.875 | CA77: 0.175 | CC77: 1818.5 | CD77: 538.2825 | CF77: 1764.625 | CG77: 0.3 | CI77: 1820.125 | CJ77: 0.0425 | CL77: 1818 | CM77: 0.0925 | CO77: 1819.75 | CP77: -0.015 | CR77: 1820 | CS77: 0.6 | CU77: 1820.875 | CV77: 0.0375 | CX77: 3290.5 | CY77: 0.45 | DA77: 3954.625 | DB77: 31.18 | DD77: 3947.875 | DE77: 319.25 | DG77: 3961.125 | DH77: 0.895 | DJ77: 3951.375 | DK77: 10.71 | DM77: 3955.625 | DN77: 0.0875 | DP77: 3955 | DQ77: -0.35 | DS77: 3953.75 | DT77: 2.78 | DV77: 3947.875 | DW77: 0.8 | DY77: 3953.75 | DZ77: 1.25 | EB77: 3958.25 | EC77: 0.0175 | EE77: 3956 | EF77: 0.255 | EH77: 3310.875 | EI77: 13.71 | EK77: 1199 | EL77: -0.015 | EN77: 0.5 | EO77: -0.025 | EQ77: 1.375
A78: 8.1652 | B78: 15.2975 | C78: 113.1288 | D78: 7395.25 | E78: 0.0075 | F78: 0 | G78: 1.375 | H78: -0.025 | I78: 0 | J78: 1.5 | K78: -0.005 | L78: 0 | M78: 2 | N78: 7.9275 | O78: 36.4992 | P78: 4604.125 | Q78: 7.2125 | R78: 13.015 | S78: 1804.5 | T78: 30.6275 | U78: 32.3962 | V78: 1057.75 | W78: 12.45 | X78: 11.4742 | Y78: 921.625 | Z78: 6.85 | AA78: 3.4533 | AB78: 504.125 | AC78: 0.0125 | AD78: 0 | AE78: 0.75 | AF78: -0.01 | AG78: 0 | AH78: 1 | AI78: 0.025 | AJ78: 0.0455 | AK78: 1820.375 | AL78: -0.0225 | AM78: 0 | AN78: 0.625 | AO78: 0.6 | AP78: 0.0004 | AQ78: 0.75 | AR78: 53.7975 | AS78: 69.4055 | AT78: 1290.125 | AU78: 0.0825 | AV78: 0.2469 | AW78: 2992.5 | AX78: 7.9575 | AY78: 14.3265 | AZ78: 1800.375 | BA78: -0.0325 | BB78: -0.0591 | BC78: 1818.25 | BF78: 0.9025 | BG78: 1.6292 | BH78: 1805.25 | BI78: 0.0425 | BJ78: 0.1089 | BK78: 2562.375 | BL78: 6.25 | BM78: 21.8805 | BN78: 3500.875 | BO78: 0.03 | BP78: 0.0546 | BQ78: 1821.25 | BR78: 0.0325 | BS78: 0.0592 | BT78: 1820.75 | BU78: 0.15 | BV78: 0.2727 | BW78: 1817.875 | BX78: 2 | BY78: 3.642 | BZ78: 1821 | CA78: 0.21 | CB78: 0.3825 | CC78: 1821.25 | CD78: 538.535 | CE78: 948.2255 | CF78: 1760.75 | CG78: 0.15 | CH78: 0.2729 | CI78: 1819.5 | CJ78: 0.0075 | CK78: 0.0136 | CL78: 1818.75 | CM78: 0.2075 | CN78: 0.3776 | CO78: 1819.75 | CP78: -0.0025 | CQ78: -0.0046 | CR78: 1821.25 | CS78: -0.1 | CT78: -0.1822 | CU78: 1821.625 | CV78: -0.01 | CW78: -0.033 | CX78: 3296.5 | CY78: 1.45 | CZ78: 5.7375 | DA78: 3956.875 | DB78: 30.19 | DC78: 119.4656 | DD78: 3957.125 | DE78: 314.2 | DF78: 1244.1535 | DG78: 3959.75 | DH78: 0.91 | DI78: 3.6035 | DJ78: 3959.875 | DK78: 10.7675 | DL78: 42.6285 | DM78: 3959 | DN78: 0.0725 | DO78: 0.2871 | DP78: 3960.375 | DQ78: -0.25 | DR78: -0.9898 | DS78: 3959 | DT78: 2.9225 | DU78: 11.5676 | DV78: 3958.125 | DW78: -0.05 | DX78: -0.1979 | DY78: 3957.625 | DZ78: 0.35 | EA78: 1.3846 | EB78: 3955.875 | EC78: 0.065 | ED78: 0.2575 | EE78: 3961.875 | EF78: 0.285 | EG78: 0.944 | EH78: 3312.375 | EI78: 116.97 | EJ78: 140.4225 | EK78: 1200.5 | EL78: 0.005 | EM78: 0 | EN78: 1.75 | EO78: 0.0075 | EP78: 0 | EQ78: 1.625
A79: 8.2612 | B79: 13.0525 | C79: 96.4922 | D79: 7392.625 | E79: -0.015 | F79: 0 | G79: 1.375 | H79: -0.0175 | I79: 0 | J79: 1.625 | K79: -0.0375 | L79: 0 | M79: 1 | N79: 8.0075 | O79: 36.8685 | P79: 4604.25 | Q79: 5.26 | R79: 9.4831 | S79: 1802.875 | T79: 23.47 | U79: 24.8401 | V79: 1058.375 | W79: 9.95 | X79: 9.1602 | Y79: 920.625 | Z79: 3.4 | AA79: 1.7119 | AB79: 503.5 | AC79: 0.0075 | AD79: 0 | AE79: 2 | AF79: 0.005 | AG79: 0 | AH79: 1.5 | AI79: 0.015 | AJ79: 0.0273 | AK79: 1820.25 | AL79: 0.045 | AM79: 0 | AN79: 0.75 | AO79: 0.2 | AP79: 0.0003 | AQ79: 1.625 | AR79: 46.0225 | AS79: 59.4668 | AT79: 1292.125 | AU79: 0.1075 | AV79: 0.3216 | AW79: 2991.5 | AX79: 7.02 | AY79: 12.6439 | AZ79: 1801.125 | BA79: 0.06 | BB79: 0.1092 | BC79: 1819.375 | BF79: 0.665 | BG79: 1.2016 | BH79: 1806.875 | BI79: 0.22 | BJ79: 0.5624 | BK79: 2556.375 | BL79: 9.1 | BM79: 31.8705 | BN79: 3502.25 | BO79: 0.0625 | BP79: 0.1139 | BQ79: 1822.5 | BR79: 0.0275 | BS79: 0.0501 | BT79: 1820 | BU79: 0.25 | BV79: 0.4547 | BW79: 1819 | BX79: 2.95 | BY79: 5.3708 | BZ79: 1820.625 | CA79: 0.1625 | CB79: 0.2956 | CC79: 1819.25 | CD79: 537.9275 | CE79: 948.3662 | CF79: 1763 | CG79: 0.35 | CH79: 0.6366 | CI79: 1818.75 | CJ79: 0.005 | CK79: 0.0091 | CL79: 1819.75 | CM79: 0.1275 | CN79: 0.2319 | CO79: 1818.75 | CP79: 0.0125 | CQ79: 0.0228 | CR79: 1821.75 | CS79: 0.45 | CT79: 0.8186 | CU79: 1819.125 | CV79: 0.0325 | CW79: 0.1069 | CX79: 3290.375 | CY79: 2 | CZ79: 7.9502 | DA79: 3975.125 | DB79: 25.9375 | DC79: 103.0302 | DD79: 3972.25 | DE79: 240.85 | DF79: 957.4691 | DG79: 3975.375 | DH79: 0.92 | DI79: 3.6556 | DJ79: 3973.5 | DK79: 10.84 | DL79: 43.0822 | DM79: 3974.375 | DN79: 0.0725 | DO79: 0.2884 | DP79: 3977.75 | DQ79: 1.5 | DR79: 5.9603 | DS79: 3973.5 | DT79: 2.79 | DU79: 11.0746 | DV79: 3969.375 | DW79: 1 | DX79: 3.9759 | DY79: 3975.875 | DZ79: 0.35 | EA79: 1.3899 | EB79: 3971.125 | EC79: 0.1075 | ED79: 0.4274 | EE79: 3976.25 | EF79: 0.2875 | EG79: 0.9518 | EH79: 3310.75 | EI79: 44.3425 | EJ79: 53.211 | EK79: 1200 | EL79: -0.01 | EM79: 0 | EN79: 1.75 | EO79: 0.02 | EP79: 0 | EQ79: 2.125
A80: 8.3572 | B80: 15.7475 | C80: 116.4626 | D80: 7395.625 | E80: 0.0225 | F80: 0 | G80: 0.5 | H80: -0.06 | I80: -0.0001 | J80: 1.5 | K80: -0.0675 | L80: -0.0001 | M80: 1.875 | N80: 7.9625 | O80: 36.6673 | P80: 4605 | Q80: 5.9675 | R80: 10.7594 | S80: 1803 | T80: 24.1975 | U80: 25.5798 | V80: 1057.125 | W80: 11.95 | X80: 10.997 | Y80: 920.25 | Z80: 5.75 | AA80: 2.8879 | AB80: 502.25 | AC80: -0.0025 | AD80: 0 | AE80: 1.75 | AF80: 0.0375 | AG80: 0.0001 | AH80: 1.75 | AI80: 0.0025 | AJ80: 0.0046 | AK80: 1820.625 | AL80: -0.0075 | AM80: 0 | AN80: 1.125 | AO80: -0.95 | AP80: -0.0013 | AQ80: 1.375 | AR80: 57.07 | AS80: 73.763 | AT80: 1292.5 | AU80: 0.06 | AV80: 0.1795 | AW80: 2991.75 | AX80: 7.8925 | AY80: 14.2065 | AZ80: 1800 | BA80: 0.0425 | BB80: 0.0772 | BC80: 1817.5 | BF80: 0.635 | BG80: 1.1467 | BH80: 1805.75 | BI80: 0.0325 | BJ80: 0.083 | BK80: 2553.5 | BL80: 11.15 | BM80: 39.0417 | BN80: 3501.5 | BO80: 0.025 | BP80: 0.0455 | BQ80: 1821.375 | BR80: 0.035 | BS80: 0.0637 | BT80: 1820.875 | BU80: 0.1 | BV80: 0.1819 | BW80: 1818.75 | BX80: 1.95 | BY80: 3.5488 | BZ80: 1819.875 | CA80: 0.165 | CB80: 0.3001 | CC80: 1818.75 | CD80: 538.51 | CE80: 950.6721 | CF80: 1765.375 | CG80: -0.45 | CH80: -0.8211 | CI80: 1824.625 | CJ80: 0.0125 | CK80: 0.0227 | CL80: 1818.5 | CM80: 0.11 | CN80: 0.2003 | CO80: 1820.625 | CP80: 0.03 | CQ80: 0.0547 | CR80: 1822 | CS80: -0.3 | CT80: -0.546 | CU80: 1820 | CV80: 0.0275 | CW80: 0.0905 | CX80: 3292.5 | CY80: 1.65 | CZ80: 6.548 | DA80: 3968.5 | DB80: 30.725 | DC80: 121.8976 | DD80: 3967.375 | DE80: 235.1 | DF80: 934.0817 | DG80: 3973.125 | DH80: 0.92 | DI80: 3.6503 | DJ80: 3967.75 | DK80: 10.7975 | DL80: 42.8418 | DM80: 3967.75 | DN80: 0.105 | DO80: 0.4169 | DP80: 3970.625 | DQ80: -0.2 | DR80: -0.7936 | DS80: 3967.875 | DT80: 2.95 | DU80: 11.6964 | DV80: 3964.875 | DW80: 0.55 | DX80: 2.1842 | DY80: 3971.25 | DZ80: 0.45 | EA80: 1.7872 | EB80: 3971.625 | EC80: 0.0675 | ED80: 0.268 | EE80: 3970.375 | EF80: 0.36 | EG80: 1.1926 | EH80: 3312.875 | EI80: 37.9475 | EJ80: 45.4991 | EK80: 1199 | EL80: 0.005 | EM80: 0 | EN80: 1.125 | EO80: -0.03 | EP80: -0.0001 | EQ80: 2.625
A81: 8.4532 | B81: 15.365 | D81: 7394.375 | E81: -0.01 | G81: 0.5 | H81: -0.0475 | J81: 2 | K81: -0.0125 | M81: 0.875 | N81: 7.98 | P81: 4602.375 | Q81: 4.3325 | S81: 1804 | T81: 18.1475 | V81: 1058.25 | W81: 5.8 | Y81: 922.5 | Z81: 3.2 | AB81: 504.125 | AC81: -0.0375 | AE81: 0.5 | AF81: 0.02 | AH81: 1 | AI81: 0.045 | AK81: 1819.75 | AL81: 0.0125 | AN81: 0.75 | AO81: 0.1 | AQ81: 1.25 | AR81: 54.5825 | AT81: 1289.75 | AU81: 0.0975 | AW81: 2992.875 | AX81: 7.94 | AZ81: 1802.875 | BA81: 0.03 | BC81: 1819 | BF81: 2.9925 | BH81: 1805 | BI81: 0.0475 | BK81: 2555.25 | BL81: 7.3 | BN81: 3503.375 | BO81: 0.05 | BQ81: 1823.375 | BR81: 0.005 | BT81: 1821.375 | BU81: 0.5 | BW81: 1817.25 | BX81: 1.3 | BZ81: 1821 | CA81: 0.17 | CC81: 1820.875 | CD81: 538.7125 | CF81: 1763.625 | CG81: -0.1 | CI81: 1824.125 | CJ81: 0.0525 | CL81: 1819.625 | CM81: 0.21 | CO81: 1820.75 | CP81: 0.04 | CR81: 1822.625 | CS81: 0.25 | CU81: 1819 | CV81: 6.1925 | CX81: 3289.875 | CY81: 0.55 | DA81: 3979.875 | DB81: 30.68 | DD81: 3978.75 | DE81: 178.3 | DG81: 3983 | DH81: 0.95 | DJ81: 3980.125 | DK81: 10.845 | DM81: 3979.25 | DN81: 0.0075 | DP81: 3981.375 | DQ81: -0.1 | DS81: 3980.125 | DT81: 2.9275 | DV81: 3977.75 | DW81: 0.8 | DY81: 3980.5 | DZ81: 0.9 | EB81: 3979.5 | EC81: 0.03 | EE81: 3980.875 | EF81: 2.945 | EH81: 3313.375 | EI81: 0.44 | EK81: 1200 | EL81: 0.015 | EN81: 1.75 | EO81: -0.0025 | EQ81: 1.875
A82: 8.5492 | B82: 16.5975 | D82: 7394.375 | E82: 0.005 | G82: 0.75 | H82: 0 | J82: 2.375 | K82: -0.0175 | M82: 0.75 | N82: 8.0375 | P82: 4603.5 | Q82: 4.3675 | S82: 1804.5 | T82: 18.3125 | V82: 1057.625 | W82: 7 | Y82: 920.875 | Z82: 2.45 | AB82: 503.25 | AC82: 0.0375 | AE82: 1 | AF82: 0.0175 | AH82: 1.25 | AI82: 0.015 | AK82: 1820.875 | AL82: -0.03 | AN82: 0.5 | AO82: -0.75 | AQ82: 2 | AR82: 54.5575 | AT82: 1292.5 | AU82: 0.1 | AW82: 2994.5 | AX82: 8.5825 | AZ82: 1800 | BA82: 0.005 | BC82: 1819 | BF82: 0.4975 | BH82: 1803.875 | BI82: 0.085 | BK82: 2557 | BL82: 4.55 | BN82: 3504.125 | BO82: 0.035 | BQ82: 1819.125 | BR82: 0.035 | BT82: 1819.875 | BU82: 0.7 | BW82: 1819.375 | BX82: 3 | BZ82: 1820.625 | CA82: 0.18 | CC82: 1820.5 | CD82: 538.49 | CF82: 1766.625 | CG82: 0.35 | CI82: 1821.25 | CJ82: 0.015 | CL82: 1817.625 | CM82: 0.09 | CO82: 1818 | CP82: 0.0525 | CR82: 1819.875 | CS82: 0.8 | CU82: 1817.25 | CV82: 0.0075 | CX82: 3287.375 | CY82: 0.35 | DA82: 3979.125 | DB82: 33.275 | DD82: 3975 | DE82: 189.9 | DG82: 3983.25 | DH82: 0.9325 | DJ82: 3976.625 | DK82: 10.845 | DM82: 3978.375 | DN82: 0.035 | DP82: 3977.75 | DQ82: 0.1 | DS82: 3978 | DT82: 2.765 | DV82: 3974.375 | DW82: 0.7 | DY82: 3979.875 | DZ82: 0.7 | EB82: 3978.25 | EC82: 0.0675 | EE82: 3980 | EF82: 0.245 | EH82: 3311.5 | EI82: 27.845 | EK82: 1200.5 | EL82: 0.005 | EN82: 2.5 | EO82: 0.0525 | EQ82: 0.75
A83: 8.6452 | B83: 15.2125 | C83: 112.5345 | D83: 7397.5 | E83: -0.0425 | F83: 0 | G83: 1 | H83: -0.055 | I83: -0.0001 | J83: 2.125 | K83: 0.0075 | L83: 0 | M83: 2 | N83: 7.945 | O83: 36.5877 | P83: 4605.125 | Q83: 6.2325 | R83: 11.2349 | S83: 1802.625 | T83: 26.65 | U83: 28.219 | V83: 1058.875 | W83: 11.65 | X83: 10.7253 | Y83: 920.625 | Z83: 3.35 | AA83: 1.6876 | AB83: 503.75 | AC83: 0.0375 | AD83: 0.0001 | AE83: 1.5 | AF83: -0.025 | AG83: -0.0001 | AH83: 2.875 | AI83: -0.015 | AJ83: -0.0273 | AK83: 1819 | AL83: 0.0225 | AM83: 0 | AN83: 1.25 | AO83: -0.45 | AP83: -0.0011 | AQ83: 2.375 | AR83: 53.175 | AS83: 68.7486 | AT83: 1292.875 | AU83: 0.13 | AV83: 0.3891 | AW83: 2992.875 | AX83: 7.895 | AY83: 14.2149 | AZ83: 1800.5 | BA83: 0.02 | BB83: 0.0364 | BC83: 1818.75 | BF83: 0.8575 | BG83: 1.5485 | BH83: 1805.875 | BI83: 0.0525 | BJ83: 0.1339 | BK83: 2551.125 | BL83: 6.55 | BM83: 22.925 | BN83: 3500 | BO83: 0.04 | BP83: 0.0728 | BQ83: 1820.125 | BR83: -0.03 | BS83: -0.0546 | BT83: 1819.375 | BU83: -0.25 | BV83: -0.4549 | BW83: 1819.75 | BX83: 2.15 | BY83: 3.9138 | BZ83: 1820.375 | CA83: 0.1725 | CB83: 0.3141 | CC83: 1821.125 | CD83: 538.73 | CE83: 950.8585 | CF83: 1765 | CG83: -0.25 | CH83: -0.4555 | CI83: 1822.125 | CJ83: 0.0375 | CK83: 0.0681 | CL83: 1816.5 | CM83: 0.2175 | CN83: 0.3952 | CO83: 1817.125 | CP83: 0.065 | CQ83: 0.1183 | CR83: 1820.375 | CS83: 1.05 | CT83: 1.9096 | CU83: 1818.625 | CV83: 0.025 | CW83: 0.0824 | CX83: 3294 | CY83: 2.05 | CZ83: 8.1213 | DA83: 3961.625 | DB83: 30.195 | DC83: 119.4816 | DD83: 3957 | DE83: 291.4 | DF83: 1155.1096 | DG83: 3964 | DH83: 0.8825 | DI83: 3.4955 | DJ83: 3960.875 | DK83: 10.6625 | DL83: 42.1875 | DM83: 3956.625 | DN83: 0.02 | DO83: 0.0792 | DP83: 3961.125 | DQ83: -0.1 | DR83: -0.3961 | DS83: 3961 | DT83: 3.08 | DU83: 12.1953 | DV83: 3959.5 | DW83: 0.1 | DX83: 0.3961 | DY83: 3961 | DZ83: 0.9 | EA83: 3.5666 | EB83: 3962.875 | EC83: 0.1 | ED83: 0.3962 | EE83: 3962.25 | EF83: 0.2525 | EG83: 0.8364 | EH83: 3312.625 | EI83: 67.815 | EJ83: 81.2678 | EK83: 1198.375 | EL83: -0.0025 | EM83: 0 | EN83: 0.25 | EO83: 0.0275 | EP83: 0 | EQ83: 0.5
A84: 8.7412 | B84: 13.3425 | C84: 98.6828 | D84: 7396.125 | E84: -0.015 | F84: 0 | G84: 1.25 | H84: -0.04 | I84: 0 | J84: 0.5 | K84: -0.025 | L84: 0 | M84: 1 | N84: 8.0075 | O84: 36.8665 | P84: 4604 | Q84: 7.495 | R84: 13.5051 | S84: 1801.875 | T84: 36.48 | U84: 38.5913 | V84: 1057.875 | W84: 14.65 | X84: 13.5201 | Y84: 922.875 | Z84: 8.5 | AA84: 4.2936 | AB84: 505.125 | AC84: -0.0125 | AD84: 0 | AE84: 0.875 | AF84: -0.03 | AG84: 0 | AH84: 0.75 | AI84: 0.04 | AJ84: 0.0728 | AK84: 1820.375 | AL84: -0.0125 | AM84: 0 | AN84: 1 | AO84: -0.25 | AP84: -0.0006 | AQ84: 2.25 | AR84: 46.6775 | AS84: 60.4065 | AT84: 1294.125 | AU84: 0.105 | AV84: 0.3141 | AW84: 2991 | AX84: 7.025 | AY84: 12.6582 | AZ84: 1801.875 | BA84: 0.0425 | BB84: 0.0773 | BC84: 1818 | BF84: 0.9475 | BG84: 1.7114 | BH84: 1806.25 | BI84: 4.9325 | BJ84: 12.6525 | BK84: 2565.125 | BL84: 5.4 | BM84: 18.9135 | BN84: 3502.5 | BO84: 0.0475 | BP84: 0.0864 | BQ84: 1819.75 | BR84: 0.015 | BS84: 0.0273 | BT84: 1820 | BU84: -0.95 | BV84: -1.7294 | BW84: 1820.375 | BX84: 3.15 | BY84: 5.7354 | BZ84: 1820.75 | CA84: 0.2175 | CB84: 0.3955 | CC84: 1818.375 | CD84: 538.185 | CE84: 947.4747 | CF84: 1760.5 | CG84: -0.4 | CH84: -0.7277 | CI84: 1819.125 | CJ84: -0.015 | CK84: -0.0273 | CL84: 1818.5 | CM84: 0.135 | CN84: 0.2455 | CO84: 1818.875 | CP84: 0.0325 | CQ84: 0.0592 | CR84: 1822.25 | CS84: 0.1 | CT84: 0.1818 | CU84: 1818.375 | CV84: 0.0125 | CW84: 0.0411 | CX84: 3288.25 | CY84: 0.8 | CZ84: 3.1635 | DA84: 3954.375 | DB84: 30.645 | DC84: 121.2201 | DD84: 3955.625 | DE84: 324.45 | DF84: 1284.822 | DG84: 3960 | DH84: 0.975 | DI84: 3.8601 | DJ84: 3959.125 | DK84: 11.0025 | DL84: 43.563 | DM84: 3959.375 | DN84: 0.0075 | DO84: 0.0297 | DP84: 3960.75 | DQ84: 0 | DR84: 0 | DS84: 3958.5 | DT84: 2.8475 | DU84: 11.2665 | DV84: 3956.625 | DW84: 0.85 | DX84: 3.3595 | DY84: 3952.375 | DZ84: -0.15 | EA84: -0.5935 | EB84: 3956.875 | EC84: 0.0325 | ED84: 0.1287 | EE84: 3960.125 | EF84: 0.2225 | EG84: 0.7368 | EH84: 3311.625 | EI84: 107.86 | EJ84: 129.3916 | EK84: 1199.625 | EL84: 0.0075 | EM84: 0 | EN84: 0.875 | EO84: -0.0175 | EP84: 0 | EQ84: 1.375
A85: 8.8372 | B85: 15.3525 | C85: 113.5317 | D85: 7395 | E85: 0.0025 | F85: 0 | G85: 1.5 | H85: 0.0025 | I85: 0 | J85: 2.125 | K85: -0.0475 | L85: -0.0001 | M85: 1.75 | N85: 7.9075 | O85: 36.4289 | P85: 4606.875 | Q85: 3.145 | R85: 5.6712 | S85: 1803.25 | T85: 10.8825 | U85: 11.4974 | V85: 1056.5 | W85: 3.6 | X85: 3.3106 | Y85: 919.625 | Z85: 1.45 | AA85: 0.7301 | AB85: 503.5 | AC85: 0.0025 | AD85: 0 | AE85: 1.5 | AF85: 0.01 | AG85: 0 | AH85: 1.875 | AI85: 0.005 | AJ85: 0.0091 | AK85: 1820.375 | AL85: 0.0125 | AM85: 0 | AN85: 1.125 | AO85: 0.05 | AP85: 0 | AQ85: 0.5 | AR85: 54 | AS85: 69.7815 | AT85: 1292.25 | AU85: 0.12 | AV85: 0.3588 | AW85: 2990.375 | AX85: 7.8875 | AY85: 14.1965 | AZ85: 1799.875 | BA85: 0.02 | BB85: 0.0364 | BC85: 1817.625 | BF85: 2.2875 | BG85: 4.1298 | BH85: 1805.375 | BI85: 0.0325 | BJ85: 0.0831 | BK85: 2556.5 | BL85: 5.35 | BM85: 18.7578 | BN85: 3506.125 | BO85: 0.0175 | BP85: 0.0319 | BQ85: 1820.5 | BR85: 0.0225 | BS85: 0.041 | BT85: 1820 | BU85: -0.2 | BV85: -0.3639 | BW85: 1819.375 | BX85: 2.05 | BY85: 3.7302 | BZ85: 1819.625 | CA85: 0.18 | CB85: 0.3278 | CC85: 1821.25 | CD85: 538.165 | CE85: 948.0449 | CF85: 1761.625 | CG85: -0.35 | CH85: -0.6373 | CI85: 1821 | CJ85: -0.015 | CK85: -0.0273 | CL85: 1818.25 | CM85: 0.14 | CN85: 0.2546 | CO85: 1818.75 | CP85: 0.015 | CQ85: 0.0273 | CR85: 1821 | CS85: 0.3 | CT85: 0.5459 | CU85: 1819.75 | CV85: 0 | CW85: 0 | CX85: 3291.375 | CY85: 0.7 | CZ85: 2.7904 | DA85: 3986.25 | DB85: 29.895 | DC85: 119.1876 | DD85: 3986.875 | DE85: 125.65 | DF85: 501.265 | DG85: 3989.375 | DH85: 0.9825 | DI85: 3.9191 | DJ85: 3988.875 | DK85: 10.755 | DL85: 42.8721 | DM85: 3986.25 | DN85: -0.0625 | DO85: -0.249 | DP85: 3984.125 | DQ85: -0.35 | DR85: -1.3953 | DS85: 3986.625 | DT85: 2.8825 | DU85: 11.4878 | DV85: 3985.375 | DW85: 1 | DX85: 3.9865 | DY85: 3986.5 | DZ85: -0.4 | EA85: -1.5953 | EB85: 3988.125 | EC85: 0.0825 | ED85: 0.3291 | EE85: 3989 | EF85: 4.6575 | EG85: 15.4291 | EH85: 3312.75 | EI85: 9.3175 | EJ85: 11.1798 | EK85: 1199.875 | EL85: -0.01 | EM85: 0 | EN85: 0.875 | EO85: -0.0275 | EP85: 0 | EQ85: 0.75
A86: 8.9332 | B86: 15.265 | C86: 112.8561 | D86: 7393.125 | E86: 0.0225 | F86: 0 | G86: 0.25 | H86: -0.055 | I86: -0.0001 | J86: 1.125 | K86: -0.0225 | L86: 0 | M86: 2.125 | N86: 7.9925 | O86: 36.8085 | P86: 4605.375 | Q86: 3.54 | R86: 6.3822 | S86: 1802.875 | T86: 12.325 | U86: 13.0599 | V86: 1059.625 | W86: 5.25 | X86: 4.8366 | Y86: 921.25 | Z86: 2 | AA86: 1.005 | AB86: 502.5 | AC86: 0.0025 | AD86: 0 | AE86: 1.125 | AF86: 0.0025 | AG86: 0 | AH86: 0.5 | AI86: 0.06 | AJ86: 0.1091 | AK86: 1818.75 | AL86: 0.0125 | AM86: 0 | AN86: 1.625 | AO86: -0.1 | AP86: -0.0003 | AQ86: 2.5 | AR86: 53.835 | AS86: 69.5279 | AT86: 1291.5 | AU86: 0.1325 | AV86: 0.3964 | AW86: 2991.375 | AX86: 7.8825 | AY86: 14.1865 | AZ86: 1799.75 | BA86: 0.01 | BB86: 0.0182 | BC86: 1819.5 | BF86: 1.585 | BG86: 2.8603 | BH86: 1804.625 | BI86: 0.0025 | BJ86: 0.0064 | BK86: 2548.5 | BL86: 6.1 | BM86: 21.3813 | BN86: 3505.125 | BO86: 0.015 | BP86: 0.0273 | BQ86: 1822.125 | BR86: 0.02 | BS86: 0.0364 | BT86: 1819.875 | BU86: 0.4 | BV86: 0.7275 | BW86: 1818.625 | BX86: 2.4 | BY86: 4.3671 | BZ86: 1819.625 | CA86: 0.235 | CB86: 0.4274 | CC86: 1818.875 | CD86: 538.3075 | CE86: 948.767 | CF86: 1762.5 | CG86: -0.15 | CH86: -0.273 | CI86: 1820.125 | CJ86: 0 | CK86: 0 | CL86: 1818.875 | CM86: 0.1825 | CN86: 0.332 | CO86: 1819.125 | CP86: 0.025 | CQ86: 0.0455 | CR86: 1820.25 | CS86: -0.2 | CT86: -0.3641 | CU86: 1820.375 | CV86: 0.035 | CW86: 0.115 | CX86: 3286.75 | CY86: 0.45 | CZ86: 1.7945 | DA86: 3987.875 | DB86: 30.5025 | DC86: 121.6097 | DD86: 3986.875 | DE86: 137.6 | DF86: 548.9036 | DG86: 3989.125 | DH86: 0.925 | DI86: 3.689 | DJ86: 3988.125 | DK86: 10.7875 | DL86: 43.003 | DM86: 3986.375 | DN86: 0.0625 | DO86: 0.2493 | DP86: 3989.5 | DQ86: 0.35 | DR86: 1.3958 | DS86: 3987.875 | DT86: 2.7825 | DU86: 11.0886 | DV86: 3985.125 | DW86: 0.55 | DX86: 2.1937 | DY86: 3988.625 | DZ86: 0 | EA86: 0 | EB86: 3986 | EC86: 0.0775 | ED86: 0.3095 | EE86: 3993.125 | EF86: 1.6875 | EG86: 5.5909 | EH86: 3313.125 | EI86: 0.4025 | EJ86: 0.483 | EK86: 1200 | EL86: 0 | EM86: 0 | EN86: 2.25 | EO86: -0.03 | EP86: 0 | EQ86: 1
A87: 9.0292 | B87: 15.4125 | D87: 7396.25 | E87: 0.0175 | G87: 1.375 | H87: -0.015 | J87: 1 | K87: -0.025 | M87: 1.375 | N87: 8.02 | P87: 4604.5 | Q87: 3.8175 | S87: 1803.375 | T87: 15.135 | V87: 1058.125 | W87: 3.1 | Y87: 921.5 | Z87: 2.75 | AB87: 502.875 | AC87: -0.01 | AE87: 3 | AF87: 0 | AH87: 1.75 | AI87: 0.0075 | AK87: 1820.75 | AL87: -0.0075 | AN87: 1.625 | AO87: 0.05 | AQ87: 1.125 | AR87: 54.4425 | AT87: 1289.25 | AU87: 0.1 | AW87: 2991.5 | AX87: 7.87 | AZ87: 1800.875 | BA87: 0.0325 | BC87: 1817.75 | BF87: 1.785 | BH87: 1807.75 | BI87: 0.0475 | BK87: 2556.875 | BL87: 9.95 | BN87: 3509.75 | BO87: 0.035 | BQ87: 1819 | BR87: 0 | BT87: 1822.375 | BU87: 0.45 | BW87: 1818.875 | BX87: 2 | BZ87: 1822.25 | CA87: 0.1925 | CC87: 1818.75 | CD87: 538.405 | CF87: 1765.125 | CG87: 0.35 | CI87: 1820 | CJ87: 0.025 | CL87: 1818.125 | CM87: 0.1075 | CO87: 1818.125 | CP87: -0.005 | CR87: 1820.75 | CS87: 0.2 | CU87: 1819.75 | CV87: 0.0275 | CX87: 3296 | CY87: 0.2 | DA87: 3987.875 | DB87: 30.3925 | DD87: 3985.125 | DE87: 123.3 | DG87: 3990.375 | DH87: 0.9225 | DJ87: 3987 | DK87: 10.725 | DM87: 3987 | DN87: 0.085 | DP87: 3990.5 | DQ87: 0.35 | DS87: 3987.5 | DT87: 2.685 | DV87: 3983.5 | DW87: 0.6 | DY87: 3987.5 | DZ87: 0.95 | EB87: 3991.25 | EC87: 0.07 | EE87: 3989.875 | EF87: 0.2075 | EH87: 3311.75 | EI87: 0.3675 | EK87: 1198.625 | EL87: -0.03 | EN87: 1.625 | EO87: 0.0025 | EQ87: 0.875
A88: 9.1252 | B88: 14.065 | C88: 103.9861 | D88: 7393.25 | E88: -0.0325 | F88: 0 | G88: 1.375 | H88: -0.0325 | I88: 0 | J88: 0.25 | K88: -0.005 | L88: 0 | M88: 2 | N88: 8.0125 | O88: 36.9066 | P88: 4606.125 | Q88: 3.0825 | R88: 5.5635 | S88: 1804.875 | T88: 12.265 | U88: 12.9764 | V88: 1058 | W88: 2 | X88: 1.8447 | Y88: 922.375 | Z88: 1.25 | AA88: 0.6298 | AB88: 503.875 | AC88: 0.0075 | AD88: 0 | AE88: 0.5 | AF88: -0.02 | AG88: 0 | AH88: 1.125 | AI88: 0.0125 | AJ88: 0.0228 | AK88: 1820.5 | AL88: -0.0175 | AM88: 0 | AN88: 2.125 | AO88: 0.1 | AP88: 0.0002 | AQ88: 1.5 | AR88: 53.13 | AS88: 68.6772 | AT88: 1292.625 | AU88: 0.0825 | AV88: 0.2468 | AW88: 2991 | AX88: 7.845 | AY88: 14.1141 | AZ88: 1799.125 | BA88: 0.01 | BB88: 0.0182 | BC88: 1818.125 | BF88: 2.2725 | BG88: 4.1027 | BH88: 1805.375 | BI88: 0.0275 | BJ88: 0.0702 | BK88: 2552.125 | BL88: 5.3 | BM88: 18.6017 | BN88: 3509.75 | BO88: 0.0775 | BP88: 0.1411 | BQ88: 1821 | BR88: -0.015 | BS88: -0.0273 | BT88: 1819.625 | BU88: 0.05 | BV88: 0.091 | BW88: 1819.5 | BX88: 1.15 | BY88: 2.0956 | BZ88: 1822.25 | CA88: 0.205 | CB88: 0.3736 | CC88: 1822.25 | CD88: 538.7775 | CE88: 950.4035 | CF88: 1764 | CG88: 0 | CH88: 0 | CI88: 1822.5 | CJ88: 0 | CK88: 0 | CL88: 1818.125 | CM88: 0.14 | CN88: 0.2548 | CO88: 1819.875 | CP88: 0.025 | CQ88: 0.0455 | CR88: 1820.25 | CS88: 0.5 | CT88: 0.9101 | CU88: 1820.25 | CV88: 0.0575 | CW88: 0.1893 | CX88: 3292.625 | CY88: -0.05 | CZ88: -0.1994 | DA88: 3988.375 | DB88: 25.875 | DC88: 103.238 | DD88: 3989.875 | DE88: 118.65 | DF88: 473.4135 | DG88: 3990 | DH88: 0.9725 | DI88: 3.8806 | DJ88: 3990.375 | DK88: 10.775 | DL88: 42.9923 | DM88: 3990 | DN88: 0.0375 | DO88: 0.1495 | DP88: 3987.5 | DQ88: 0.1 | DR88: 0.3991 | DS88: 3991.25 | DT88: 2.7775 | DU88: 11.0735 | DV88: 3986.875 | DW88: 1.55 | DX88: 6.1845 | DY88: 3990 | DZ88: 0.55 | EA88: 2.1948 | EB88: 3990.5 | EC88: -0.005 | ED88: -0.0199 | EE88: 3988.75 | EF88: 4.6725 | EG88: 15.4823 | EH88: 3313.5 | EI88: 0.43 | EJ88: 0.5162 | EK88: 1200.5 | EL88: 0.025 | EM88: 0.0001 | EN88: 2.375 | EO88: -0.0125 | EP88: 0 | EQ88: 2.375
A89: 9.2212 | B89: 15.41 | C89: 113.9569 | D89: 7395 | E89: -0.025 | F89: 0 | G89: 1 | H89: -0.0175 | I89: 0 | J89: 0.75 | K89: -0.03 | L89: -0.0001 | M89: 2.25 | N89: 8.01 | O89: 36.875 | P89: 4603.625 | Q89: 3.4 | R89: 6.1345 | S89: 1804.25 | T89: 8.9875 | U89: 9.5043 | V89: 1057.5 | W89: 5.8 | X89: 5.3585 | Y89: 923.875 | Z89: 1.3 | AA89: 0.6529 | AB89: 502.25 | AC89: 0.02 | AD89: 0 | AE89: 0.875 | AF89: 0.0175 | AG89: 0 | AH89: 1.75 | AI89: 0.01 | AJ89: 0.0182 | AK89: 1821.625 | AL89: 0 | AM89: 0 | AN89: 1.125 | AO89: 0.05 | AP89: 0.0001 | AQ89: 2.375 | AR89: 49.8225 | AS89: 64.4454 | AT89: 1293.5 | AU89: 0.0575 | AV89: 0.1722 | AW89: 2994 | AX89: 7.4125 | AY89: 13.3323 | AZ89: 1798.625 | BA89: 0.0075 | BB89: 0.0137 | BC89: 1820.5 | BF89: 1.455 | BG89: 2.6286 | BH89: 1806.625 | BI89: 0.04 | BJ89: 0.1019 | BK89: 2548.625 | BL89: 7.75 | BM89: 27.1899 | BN89: 3508.375 | BO89: 0.03 | BP89: 0.0547 | BQ89: 1822.5 | BR89: -0.0075 | BS89: -0.0137 | BT89: 1822.5 | BU89: 0.75 | BV89: 1.3646 | BW89: 1819.5 | BX89: 1.55 | BY89: 2.8218 | BZ89: 1820.5 | CA89: 0.205 | CB89: 0.3728 | CC89: 1818.375 | CD89: 538.62 | CE89: 950.395 | CF89: 1764.5 | CG89: 0.3 | CH89: 0.5461 | CI89: 1820.375 | CJ89: 0.0525 | CK89: 0.0954 | CL89: 1816.75 | CM89: 0.1875 | CN89: 0.3412 | CO89: 1819.75 | CP89: -0.01 | CQ89: -0.0182 | CR89: 1820 | CS89: 0.5 | CT89: 0.9087 | CU89: 1817.375 | CV89: 0.0225 | CW89: 0.0742 | CX89: 3298.25 | CY89: 2 | CZ89: 7.977 | DA89: 3988.5 | DB89: 30.39 | DC89: 121.1801 | DD89: 3987.5 | DE89: 113.25 | DF89: 452.1789 | DG89: 3992.75 | DH89: 0.8925 | DI89: 3.5605 | DJ89: 3989.375 | DK89: 10.62 | DL89: 42.3552 | DM89: 3988.25 | DN89: 0.065 | DO89: 0.2594 | DP89: 3991.5 | DQ89: -0.7 | DR89: -2.7921 | DS89: 3988.75 | DT89: 3.09 | DU89: 12.3175 | DV89: 3986.25 | DW89: 0.35 | DX89: 1.3965 | DY89: 3990.125 | DZ89: 0.7 | EA89: 2.794 | EB89: 3991.375 | EC89: 0.095 | ED89: 0.3794 | EE89: 3994 | EF89: 0.215 | EG89: 0.7118 | EH89: 3310.875 | EI89: 0.325 | EJ89: 0.3901 | EK89: 1200.375 | EL89: 0.025 | EM89: 0.0001 | EN89: 2.125 | EO89: 0.005 | EP89: 0 | EQ89: 2
A90: 9.3172 | B90: 15.2125 | C90: 112.4698 | D90: 7393.25 | E90: -0.02 | F90: 0 | G90: 1.625 | H90: 0.0025 | I90: 0 | J90: 1.375 | K90: -0.01 | L90: 0 | M90: 1.625 | N90: 7.94 | O90: 36.5597 | P90: 4604.5 | Q90: 2.845 | R90: 5.1306 | S90: 1803.375 | T90: 9.765 | U90: 10.3363 | V90: 1058.5 | W90: 3.55 | X90: 3.2687 | Y90: 920.75 | Z90: 0.55 | AA90: 0.2771 | AB90: 503.75 | AC90: -0.0375 | AD90: -0.0001 | AE90: 1.75 | AF90: -0.015 | AG90: 0 | AH90: 1.125 | AI90: 0.0525 | AJ90: 0.0956 | AK90: 1820.625 | AL90: 0.0025 | AM90: 0 | AN90: 0.5 | AO90: -0.6 | AP90: -0.0008 | AQ90: 1.25 | AR90: 52.2325 | AS90: 67.4452 | AT90: 1291.25 | AU90: 0.1425 | AV90: 0.4265 | AW90: 2993.125 | AX90: 7.85 | AY90: 14.1123 | AZ90: 1797.75 | BA90: 0.025 | BB90: 0.0454 | BC90: 1817.5 | BF90: 0.67 | BG90: 1.2097 | BH90: 1805.5 | BI90: 0.0475 | BJ90: 0.1211 | BK90: 2549.625 | BL90: 5.5 | BM90: 19.2878 | BN90: 3506.875 | BO90: 0.035 | BP90: 0.0637 | BQ90: 1819.875 | BR90: 0.005 | BS90: 0.0091 | BT90: 1822.375 | BU90: 0.65 | BV90: 1.1824 | BW90: 1819.125 | BX90: 1.05 | BY90: 1.9106 | BZ90: 1819.625 | CA90: 0.1625 | CB90: 0.2956 | CC90: 1819.25 | CD90: 538.6275 | CE90: 950.8122 | CF90: 1765.25 | CG90: -0.3 | CH90: -0.546 | CI90: 1820 | CJ90: 0.0375 | CK90: 0.0682 | CL90: 1818.375 | CM90: 0.0475 | CN90: 0.0865 | CO90: 1820.625 | CP90: 0.0025 | CQ90: 0.0045 | CR90: 1819.625 | CS90: 0.5 | CT90: 0.9107 | CU90: 1821.5 | CV90: 0.0275 | CW90: 0.0905 | CX90: 3291 | CY90: 0.8 | CZ90: 3.1921 | DA90: 3990.125 | DB90: 30.08 | DC90: 119.9365 | DD90: 3987.25 | DE90: 121.55 | DF90: 485.182 | DG90: 3991.625 | DH90: 0.94 | DI90: 3.752 | DJ90: 3991.5 | DK90: 10.8525 | DL90: 43.3218 | DM90: 3991.875 | DN90: 0.0725 | DO90: 0.2891 | DP90: 3988 | DQ90: 0.15 | DR90: 0.5986 | DS90: 3990.625 | DT90: 3.01 | DU90: 11.9979 | DV90: 3986 | DW90: 0.85 | DX90: 3.3904 | DY90: 3988.75 | DZ90: 0.6 | EA90: 2.3951 | EB90: 3991.875 | EC90: 0.0525 | ED90: 0.2094 | EE90: 3989.5 | EF90: 0.2925 | EG90: 0.9685 | EH90: 3311.125 | EI90: 0.1925 | EJ90: 0.231 | EK90: 1200.25 | EL90: -0.0175 | EM90: 0 | EN90: 1.625 | EO90: 0.025 | EP90: 0 | EQ90: 1.625
A91: 9.4132 | B91: 15.98 | C91: 118.1581 | D91: 7394.125 | E91: -0.0125 | F91: 0 | G91: 1 | H91: -0.04 | I91: 0 | J91: 0.25 | K91: -0.0125 | L91: 0 | M91: 1 | N91: 7.9975 | O91: 36.8335 | P91: 4605.625 | Q91: 3.755 | R91: 6.7717 | S91: 1803.375 | T91: 10.5375 | U91: 11.15 | V91: 1058.125 | W91: 6.5 | X91: 5.993 | Y91: 922 | Z91: 2.05 | AA91: 1.0322 | AB91: 503.5 | AC91: -0.035 | AD91: 0 | AE91: 1.125 | AF91: 0.005 | AG91: 0 | AH91: 0.875 | AI91: 0.0125 | AJ91: 0.0228 | AK91: 1821.25 | AL91: 0 | AM91: 0 | AN91: 0.5 | AO91: 0.1 | AP91: 0 | AQ91: 0.25 | AR91: 54.885 | AS91: 70.7468 | AT91: 1289 | AU91: 0.145 | AV91: 0.4341 | AW91: 2993.5 | AX91: 7.91 | AY91: 14.2311 | AZ91: 1799.125 | BA91: 0.0075 | BB91: 0.0136 | BC91: 1818.625 | BF91: 0.69 | BG91: 1.2461 | BH91: 1806 | BI91: -0.085 | BJ91: -0.1633 | BK91: 1921.25 | BL91: 7.45 | BM91: 26.1588 | BN91: 3511.25 | BO91: 0.0525 | BP91: 0.0956 | BQ91: 1821.875 | BR91: 0.0375 | BS91: 0.0683 | BT91: 1820.5 | BU91: 0.4 | BV91: 0.7279 | BW91: 1819.75 | BX91: 2.25 | BY91: 4.0978 | BZ91: 1821.25 | CA91: 0.1475 | CB91: 0.2686 | CC91: 1821 | CD91: 538.535 | CE91: 949.7738 | CF91: 1763.625 | CG91: 0.4 | CH91: 0.7277 | CI91: 1819.125 | CJ91: 0.01 | CK91: 0.0182 | CL91: 1817.75 | CM91: 0.2275 | CN91: 0.4139 | CO91: 1819.125 | CP91: 0.0275 | CQ91: 0.0501 | CR91: 1820.375 | CS91: 0.25 | CT91: 0.455 | CU91: 1819.875 | CV91: 0.125 | CW91: 0.4115 | CX91: 3292 | CY91: 1.2 | CZ91: 4.7856 | DA91: 3988 | DB91: 34.875 | DC91: 139.0118 | DD91: 3986 | DE91: 131.7 | DF91: 525.5324 | DG91: 3990.375 | DH91: 0.9775 | DI91: 3.8974 | DJ91: 3987.125 | DK91: 10.8025 | DL91: 43.0655 | DM91: 3986.625 | DN91: 0.005 | DO91: 0.0199 | DP91: 3989.625 | DQ91: 0.2 | DR91: 0.7976 | DS91: 3988 | DT91: 3.0975 | DU91: 12.3462 | DV91: 3985.875 | DW91: 0.15 | DX91: 0.5979 | DY91: 3986.25 | DZ91: 0.4 | EA91: 1.5953 | EB91: 3988.125 | EC91: 0.0725 | ED91: 0.2893 | EE91: 3989.75 | EF91: 0.2275 | EG91: 0.7535 | EH91: 3311.875 | EI91: 0.4125 | EJ91: 0.4948 | EK91: 1199.625 | EL91: 0.0025 | EM91: 0 | EN91: 2 | EO91: 0.005 | EP91: 0 | EQ91: 2.375
A92: 9.5092 | B92: 15.34 | D92: 7393.5 | E92: -0.0025 | G92: 1.125 | H92: -0.04 | J92: 1.125 | K92: -0.0225 | M92: 0.5 | N92: 7.9475 | P92: 4603.875 | Q92: 2.985 | S92: 1803.875 | T92: 11.9775 | V92: 1057.25 | W92: 2.45 | Y92: 919.875 | Z92: 0.5 | AB92: 501.875 | AC92: -0.0225 | AE92: 0.25 | AF92: 0.02 | AH92: 1.375 | AI92: 0.015 | AK92: 1819.375 | AL92: 0.01 | AN92: 1 | AO92: 0.8 | AQ92: 1.25 | AR92: 52.1975 | AT92: 1291.25 | AU92: 0.1025 | AW92: 2990.625 | AX92: 7.9175 | AZ92: 1803.125 | BA92: 0.03 | BC92: 1818.625 | BF92: 2.4575 | BH92: 1804.875 | BI92: -0.0475 | BK92: 163.25 | BL92: 6.2 | BN92: 3508.125 | BO92: 0.0375 | BQ92: 1822.25 | BR92: 0.0275 | BT92: 1820.375 | BU92: -0.1 | BW92: 1820 | BX92: 1.9 | BZ92: 1820.625 | CA92: 0.1925 | CC92: 1819.875 | CD92: 538.53 | CF92: 1763.625 | CG92: -0.4 | CI92: 1820.75 | CJ92: 0.0275 | CL92: 1820.875 | CM92: 0.195 | CO92: 1818.5 | CP92: 0.0125 | CR92: 1821.5 | CS92: 0.05 | CU92: 1819 | CV92: 0.0325 | CX92: 3288.125 | CY92: 1.95 | DA92: 3990.5 | DB92: 30.2025 | DD92: 3987.625 | DE92: 105.75 | DG92: 3992.125 | DH92: 0.925 | DJ92: 3989.125 | DK92: 10.795 | DM92: 3988.5 | DN92: 0.0725 | DP92: 3990.125 | DQ92: 0.25 | DS92: 3989.375 | DT92: 2.81 | DV92: 3986.875 | DW92: 0.2 | DY92: 3991.125 | DZ92: 1.25 | EB92: 3991.625 | EC92: 0.055 | EE92: 3989.125 | EF92: 0.33 | EH92: 3310.875 | EI92: 0.33 | EK92: 1199 | EL92: -0.03 | EN92: 3.125 | EO92: 0.0025 | EQ92: 1.375
A93: 9.6052 | B93: 13.185 | D93: 7394.125 | E93: -0.0625 | G93: 0.5 | H93: -0.06 | J93: 0 | K93: -0.015 | M93: 1 | N93: 7.9775 | P93: 4604.875 | Q93: 3.33 | S93: 1803.75 | T93: 10.345 | V93: 1057.75 | W93: 2.15 | Y93: 918.375 | Z93: 1.95 | AB93: 503.125 | AC93: 0.0225 | AE93: 0.5 | AF93: 0.0125 | AH93: 1 | AI93: 0 | AK93: 1821.125 | AL93: -0.0175 | AN93: 1.375 | AO93: 0.2 | AQ93: 1 | AR93: 46.975 | AT93: 1294.25 | AU93: 0.1 | AW93: 2994.375 | AX93: 7.08 | AZ93: 1802.75 | BA93: 0.0175 | BC93: 1819 | BF93: 1.3225 | BH93: 1804 | BI93: -0.005 | BK93: 14.125 | BL93: 4.25 | BN93: 3512.5 | BO93: 0.0275 | BQ93: 1822.375 | BR93: 0.0325 | BT93: 1822.625 | BU93: 0.05 | BW93: 1821.375 | BX93: 1.2 | BZ93: 1821.75 | CA93: 0.22 | CC93: 1821.875 | CD93: 538.6975 | CF93: 1764.5 | CG93: 1.15 | CI93: 1818.625 | CJ93: 0.01 | CL93: 1819.25 | CM93: 0.1475 | CO93: 1818.625 | CP93: 0.0275 | CR93: 1820.875 | CS93: 0.65 | CU93: 1821 | CV93: 0.055 | CX93: 3295.125 | CY93: 0.65 | DA93: 3988.625 | DB93: 27.485 | DD93: 3989.375 | DE93: 113.9 | DG93: 3991.875 | DH93: 0.92 | DJ93: 3991.125 | DK93: 10.8125 | DM93: 3989.25 | DN93: -0.0175 | DP93: 3989.875 | DQ93: -0.1 | DS93: 3990.125 | DT93: 2.5675 | DV93: 3986.5 | DW93: 0.75 | DY93: 3991.25 | DZ93: 1.55 | EB93: 3991.875 | EC93: 0.0325 | EE93: 3990.25 | EF93: 2.6425 | EH93: 3310.875 | EI93: 0.345 | EK93: 1200.5 | EL93: 0.02 | EN93: 1.75 | EO93: 0 | EQ93: 1
A94: 9.7012 | B94: 15.4425 | C94: 114.1722 | D94: 7393.375 | E94: -0.03 | F94: -0.0001 | G94: 1.75 | H94: -0.0275 | I94: 0 | J94: 1.125 | K94: -0.03 | L94: 0 | M94: 1.625 | N94: 7.975 | O94: 36.7249 | P94: 4605 | Q94: 3.2075 | R94: 5.7823 | S94: 1802.75 | T94: 9 | U94: 9.5175 | V94: 1057.5 | W94: 3.7 | X94: 3.4035 | Y94: 919.875 | Z94: 1 | AA94: 0.5032 | AB94: 503.25 | AC94: -0.0175 | AD94: 0 | AE94: 1.5 | AF94: 0.045 | AG94: 0 | AH94: 0.5 | AI94: -0.0125 | AJ94: -0.0227 | AK94: 1820 | AL94: 0.015 | AM94: 0 | AN94: 1.125 | AO94: -0.5 | AP94: -0.0004 | AQ94: 0.75 | AR94: 54.2275 | AS94: 70.1229 | AT94: 1293.125 | AU94: 0.1 | AV94: 0.2994 | AW94: 2993.5 | AX94: 7.865 | AY94: 14.1452 | AZ94: 1798.5 | BA94: 0.0225 | BB94: 0.0409 | BC94: 1817.125 | BF94: 1.5175 | BG94: 2.7393 | BH94: 1805.125 | BI94: 0 | BJ94: 0 | BK94: 4.75 | BL94: 5.9 | BM94: 20.6957 | BN94: 3507.75 | BO94: 0.0575 | BP94: 0.1048 | BQ94: 1821.75 | BR94: 0.0175 | BS94: 0.0319 | BT94: 1821.5 | BU94: 0.25 | BV94: 0.455 | BW94: 1820 | BX94: 1.7 | BY94: 3.0955 | BZ94: 1820.875 | CA94: 0.195 | CB94: 0.3549 | CC94: 1820 | CD94: 538.665 | CE94: 951.2824 | CF94: 1766 | CG94: 0.3 | CH94: 0.5469 | CI94: 1822.875 | CJ94: -0.005 | CK94: -0.0091 | CL94: 1818.5 | CM94: 0.23 | CN94: 0.4187 | CO94: 1820.625 | CP94: -0.0025 | CQ94: -0.0046 | CR94: 1821.625 | CS94: 0.05 | CT94: 0.091 | CU94: 1819.875 | CV94: 0.0025 | CW94: 0.0082 | CX94: 3290.25 | CY94: 0.6 | CZ94: 2.3928 | DA94: 3988 | DB94: 30.3925 | DC94: 121.2091 | DD94: 3988.125 | DE94: 103.35 | DF94: 412.7411 | DG94: 3993.625 | DH94: 0.9625 | DI94: 3.8399 | DJ94: 3989.5 | DK94: 10.7725 | DL94: 42.9715 | DM94: 3989 | DN94: 0.105 | DO94: 0.4191 | DP94: 3991.25 | DQ94: -0.25 | DR94: -0.9976 | DS94: 3990.25 | DT94: 2.875 | DU94: 11.4659 | DV94: 3988.125 | DW94: 0.65 | DX94: 2.5943 | DY94: 3991.25 | DZ94: 0.45 | EA94: 1.7958 | EB94: 3990.75 | EC94: 0.0075 | ED94: 0.0299 | EE94: 3992.375 | EF94: 0.2725 | EG94: 0.9023 | EH94: 3311.25 | EI94: 0.3025 | EJ94: 0.3629 | EK94: 1199.75 | EL94: -0.0125 | EM94: 0 | EN94: 1.625 | EO94: -0.0175 | EP94: 0 | EQ94: 1.125
A95: 9.7972 | B95: 12.855 | C95: 95.074 | D95: 7395.875 | E95: 0 | F95: 0 | G95: 1.625 | H95: -0.02 | I95: 0 | J95: 1.25 | K95: -0.035 | L95: 0 | M95: 0.875 | N95: 8.0175 | O95: 36.9106 | P95: 4603.75 | Q95: 3.2275 | R95: 5.822 | S95: 1803.875 | T95: 13.485 | U95: 14.2756 | V95: 1058.625 | W95: 2.9 | X95: 2.6734 | Y95: 921.875 | Z95: 0.6 | AA95: 0.3021 | AB95: 503.5 | AC95: 0.0075 | AD95: 0 | AE95: 0.75 | AF95: -0.0175 | AG95: 0 | AH95: 1.25 | AI95: 0.02 | AJ95: 0.0364 | AK95: 1820.875 | AL95: -0.02 | AM95: 0 | AN95: 1.75 | AO95: 0 | AP95: 0 | AQ95: 2.875 | AR95: 46.2325 | AS95: 59.7266 | AT95: 1291.875 | AU95: 0.11 | AV95: 0.3289 | AW95: 2990.375 | AX95: 7.8425 | AY95: 14.1106 | AZ95: 1799.25 | BA95: 0.0075 | BB95: 0.0136 | BC95: 1819 | BF95: 0.855 | BG95: 1.5447 | BH95: 1806.625 | BI95: -0.0125 | BJ95: 0 | BK95: 3.875 | BL95: 8.95 | BM95: 31.4179 | BN95: 3510.375 | BO95: 0.0225 | BP95: 0.0409 | BQ95: 1818.125 | BR95: 0.005 | BS95: 0.0091 | BT95: 1821.5 | BU95: 0.25 | BV95: 0.4547 | BW95: 1818.75 | BX95: 2.05 | BY95: 3.7318 | BZ95: 1820.375 | CA95: 0.175 | CB95: 0.3186 | CC95: 1820.5 | CD95: 538.815 | CE95: 950.8064 | CF95: 1764.625 | CG95: 0.6 | CH95: 1.0912 | CI95: 1818.625 | CJ95: -0.0175 | CK95: -0.0319 | CL95: 1820.25 | CM95: 0.0875 | CN95: 0.1593 | CO95: 1820.625 | CP95: 0.06 | CQ95: 0.1092 | CR95: 1819.875 | CS95: 0.2 | CT95: 0.364 | CU95: 1819.875 | CV95: 0.025 | CW95: 0.0824 | CX95: 3294.25 | CY95: 2.1 | CZ95: 8.3737 | DA95: 3987.5 | DB95: 26.3175 | DC95: 104.9476 | DD95: 3987.75 | DE95: 122.7 | DF95: 489.619 | DG95: 3990.375 | DH95: 0.9925 | DI95: 3.9616 | DJ95: 3991.5 | DK95: 10.7375 | DL95: 42.8332 | DM95: 3989.125 | DN95: 0.115 | DO95: 0.4587 | DP95: 3989 | DQ95: 0.35 | DR95: 1.3961 | DS95: 3988.75 | DT95: 2.605 | DU95: 10.3852 | DV95: 3986.625 | DW95: 1.35 | DX95: 5.3887 | DY95: 3991.625 | DZ95: 0.65 | EA95: 2.5924 | EB95: 3988.25 | EC95: 0.0925 | ED95: 0.3689 | EE95: 3988.375 | EF95: 0.25 | EG95: 0.8276 | EH95: 3310.5 | EI95: 0.2825 | EJ95: 0.3389 | EK95: 1199.75 | EL95: 0.0175 | EM95: 0 | EN95: 2.625 | EO95: 0.0125 | EP95: 0 | EQ95: 2
A96: 9.8932 | B96: 17.7225 | C96: 131.0313 | D96: 7393.5 | E96: -0.005 | F96: 0 | G96: 1.625 | H96: -0.0275 | I96: 0 | J96: 0.5 | K96: -0.0525 | L96: 0 | M96: 0.875 | N96: 7.9875 | O96: 36.7645 | P96: 4602.75 | Q96: 3.59 | R96: 6.4728 | S96: 1803 | T96: 9.86 | U96: 10.4097 | V96: 1055.75 | W96: 3.45 | X96: 3.1775 | Y96: 921 | Z96: 1 | AA96: 0.5056 | AB96: 505.625 | AC96: -0.0125 | AD96: 0 | AE96: 0.875 | AF96: 0.015 | AG96: 0 | AH96: 1.125 | AI96: -0.0375 | AJ96: -0.0683 | AK96: 1822.25 | AL96: -0.0075 | AM96: 0 | AN96: 1.625 | AO96: 0.5 | AP96: 0.0004 | AQ96: 0.875 | AR96: 64.1575 | AS96: 82.8434 | AT96: 1291.25 | AU96: 0.1175 | AV96: 0.3516 | AW96: 2992.625 | AX96: 8.7275 | AY96: 15.7313 | AZ96: 1802.5 | BA96: 0.0175 | BB96: 0.0318 | BC96: 1818.375 | BF96: 2.09 | BG96: 3.7782 | BH96: 1807.75 | BI96: 0.005 | BJ96: 0 | BK96: 0.25 | BL96: 4.4 | BM96: 15.4473 | BN96: 3510.75 | BO96: 0.03 | BP96: 0.0546 | BQ96: 1821.375 | BR96: 0.0075 | BS96: 0.0137 | BT96: 1822.25 | BU96: 0.1 | BV96: 0.182 | BW96: 1819.75 | BX96: 2.25 | BY96: 4.0975 | BZ96: 1821.125 | CA96: 0.1575 | CB96: 0.2867 | CC96: 1820.5 | CD96: 538.465 | CE96: 950.458 | CF96: 1765.125 | CG96: 0.6 | CH96: 1.0918 | CI96: 1819.625 | CJ96: -0.0025 | CK96: -0.0045 | CL96: 1819.625 | CM96: 0.1825 | CN96: 0.332 | CO96: 1819.375 | CP96: 0.0125 | CQ96: 0.0228 | CR96: 1822.75 | CS96: -0.25 | CT96: -0.4547 | CU96: 1818.75 | CV96: 0.0225 | CW96: 0.0741 | CX96: 3291.625 | CY96: 1.25 | CZ96: 4.9852 | DA96: 3988.125 | DB96: 34.9225 | DC96: 139.1618 | DD96: 3984.875 | DE96: 118.95 | DF96: 474.5808 | DG96: 3989.75 | DH96: 0.9475 | DI96: 3.7774 | DJ96: 3986.75 | DK96: 10.6725 | DL96: 42.5686 | DM96: 3988.625 | DN96: 0.06 | DO96: 0.2394 | DP96: 3990.5 | DQ96: 0.1 | DR96: 0.399 | DS96: 3989.75 | DT96: 2.9825 | DU96: 11.8853 | DV96: 3985 | DW96: 0.9 | DX96: 3.5906 | DY96: 3989.5 | DZ96: 0.55 | EA96: 2.1927 | EB96: 3986.75 | EC96: 0.0625 | ED96: 0.2495 | EE96: 3992 | EF96: 0.2475 | EG96: 0.8199 | EH96: 3312.875 | EI96: 0.3675 | EJ96: 0.4405 | EK96: 1198.625 | EL96: 0.0425 | EM96: 0.0001 | EN96: 1.625 | EO96: -0.005 | EP96: 0 | EQ96: 1.375
A97: 9.9892 | B97: 14.9675 | C97: 110.6472 | D97: 7392.5 | E97: -0.005 | F97: 0 | G97: 0.5 | H97: -0.0575 | I97: -0.0001 | J97: 1.125 | K97: 0.0075 | L97: 0 | M97: 0.75 | N97: 8.045 | O97: 37.0422 | P97: 4604.375 | Q97: 2.97 | R97: 5.356 | S97: 1803.375 | T97: 11.3825 | U97: 12.0413 | V97: 1057.875 | W97: 2.7 | X97: 2.4962 | Y97: 924.5 | Z97: 1.15 | AA97: 0.5792 | AB97: 503.625 | AC97: -0.005 | AD97: 0 | AE97: 1.375 | AF97: 0.0075 | AG97: 0 | AH97: 0.75 | AI97: 0.0275 | AJ97: 0.0501 | AK97: 1821.625 | AL97: -0.0025 | AM97: 0 | AN97: 0.75 | AO97: -0.5 | AP97: -0.0004 | AQ97: 0.75 | AR97: 51.9675 | AS97: 67.1095 | AT97: 1291.375 | AU97: 0.085 | AV97: 0.2543 | AW97: 2992 | AX97: 7.9275 | AY97: 14.2665 | AZ97: 1799.625 | BA97: 0.04 | BB97: 0.0728 | BC97: 1818.75 | BF97: 4.48 | BG97: 8.0903 | BH97: 1805.875 | BI97: -0.0125 | BJ97: 0 | BK97: 2.875 | BL97: 11.1 | BM97: 38.9707 | BN97: 3510.875 | BO97: 0.0425 | BP97: 0.0775 | BQ97: 1822.375 | BR97: -0.0075 | BS97: -0.0137 | BT97: 1821 | BU97: 0.35 | BV97: 0.6368 | BW97: 1819.5 | BX97: 1.25 | BY97: 2.2756 | BZ97: 1820.5 | CA97: 0.1825 | CB97: 0.3323 | CC97: 1820.75 | CD97: 538.0025 | CE97: 949.1037 | CF97: 1764.125 | CG97: 0.95 | CH97: 1.7297 | CI97: 1820.75 | CJ97: 0.015 | CK97: 0.0273 | CL97: 1818 | CM97: 0.1825 | CN97: 0.3314 | CO97: 1815.75 | CP97: 0 | CQ97: 0 | CR97: 1822.875 | CS97: 0.65 | CT97: 1.1832 | CU97: 1820.25 | CV97: 0.035 | CW97: 0.115 | CX97: 3287 | CY97: 0.75 | CZ97: 2.9913 | DA97: 3988.375 | DB97: 26.1175 | DC97: 104.1566 | DD97: 3988 | DE97: 117.05 | DF97: 467.3953 | DG97: 3993.125 | DH97: 0.9125 | DI97: 3.64 | DJ97: 3989 | DK97: 10.75 | DL97: 42.9059 | DM97: 3991.25 | DN97: 0.1 | DO97: 0.399 | DP97: 3990.375 | DQ97: -0.8 | DR97: -3.1918 | DS97: 3989.75 | DT97: 2.97 | DU97: 11.844 | DV97: 3987.875 | DW97: 0.6 | DX97: 2.3954 | DY97: 3992.375 | DZ97: 0.2 | EA97: 0.7981 | EB97: 3990.25 | EC97: 0.0625 | ED97: 0.2494 | EE97: 3990.375 | EF97: 6.165 | EG97: 20.4162 | EH97: 3311.625 | EI97: 0.3125 | EJ97: 0.3753 | EK97: 1201 | EL97: 0.0175 | EM97: 0 | EN97: 1.375 | EO97: -0.02 | EP97: 0 | EQ97: 2
A98: 10.0852 | B98: 14.83 | D98: 7394.25 | E98: -0.0175 | G98: 2.5 | H98: -0.0225 | J98: 1.25 | K98: -0.0325 | M98: 1 | N98: 7.9875 | P98: 4602.625 | Q98: 3.4025 | S98: 1803.125 | T98: 8.5275 | V98: 1059.125 | W98: 3.2 | Y98: 919 | Z98: 0.9 | AB98: 503 | AC98: 0.0275 | AE98: 2 | AF98: 0.04 | AH98: 1.125 | AI98: 0.05 | AK98: 1820.875 | AL98: 0.0225 | AN98: 1.125 | AO98: -0.5 | AQ98: 1.125 | AR98: 47.075 | AT98: 1293.375 | AU98: 0.0875 | AW98: 2991.875 | AX98: 7.4 | AZ98: 1801.75 | BA98: 0.01 | BC98: 1817.875 | BF98: 0.63 | BH98: 1806.25 | BI98: 0.0125 | BK98: 1.375 | BL98: 3.6 | BN98: 3508.125 | BO98: 0.02 | BQ98: 1821.125 | BR98: 0.03 | BT98: 1820.25 | BU98: -0.5 | BW98: 1818.125 | BX98: 1.75 | BZ98: 1821.375 | CA98: 0.145 | CC98: 1819.5 | CD98: 538.4725 | CF98: 1762.25 | CG98: 0.7 | CI98: 1821.75 | CJ98: 0.035 | CL98: 1817.875 | CM98: 0.0775 | CO98: 1820.375 | CP98: 0.01 | CR98: 1823.75 | CS98: 1.25 | CU98: 1820.125 | CV98: 0.0075 | CX98: 3288.375 | CY98: 0.9 | DA98: 3988.875 | DB98: 30.085 | DD98: 3988.125 | DE98: 116.8 | DG98: 3992.125 | DH98: 0.9625 | DJ98: 3990.125 | DK98: 10.8575 | DM98: 3990.375 | DN98: 0.0475 | DP98: 3990.625 | DQ98: 0.85 | DS98: 3988.875 | DT98: 2.73 | DV98: 3985.5 | DW98: 0.6 | DY98: 3986.5 | DZ98: 0.35 | EB98: 3989.625 | EC98: 0.03 | EE98: 3992 | EF98: 0.235 | EH98: 3311.75 | EI98: 0.3525 | EK98: 1200.5 | EL98: 0.06 | EN98: 1.375 | EO98: -0.03 | EQ98: 0.75
A99: 10.1812 | B99: 15.355 | C99: 113.4946 | D99: 7391.375 | E99: 0.015 | F99: 0 | G99: 0.75 | H99: -0.0025 | I99: 0 | J99: 2.625 | K99: -0.0075 | L99: 0 | M99: 1.375 | N99: 8.0325 | O99: 36.9666 | P99: 4602.125 | Q99: 3.0175 | R99: 5.4455 | S99: 1804.625 | T99: 11.795 | U99: 12.4732 | V99: 1057.5 | W99: 3.05 | X99: 2.8094 | Y99: 921.125 | Z99: 1.35 | AA99: 0.6785 | AB99: 502.625 | AC99: 0.0175 | AD99: 0 | AE99: 0.875 | AF99: 0.0375 | AG99: 0.0001 | AH99: 2.875 | AI99: 0.0175 | AJ99: 0.0319 | AK99: 1821 | AL99: 0.035 | AM99: 0 | AN99: 1 | AO99: -0.45 | AP99: -0.0007 | AQ99: 1.625 | AR99: 52.1075 | AS99: 67.3945 | AT99: 1293.375 | AU99: 0.09 | AV99: 0.2694 | AW99: 2993.5 | AX99: 7.8775 | AY99: 14.1795 | AZ99: 1800 | BA99: 0.0425 | BB99: 0.0774 | BC99: 1820.5 | BF99: 0.7925 | BG99: 1.4298 | BH99: 1804.125 | BI99: 0.0025 | BJ99: 0 | BK99: 3.125 | BL99: 10.8 | BM99: 37.8783 | BN99: 3507.25 | BO99: 0.045 | BP99: 0.0819 | BQ99: 1820.375 | BR99: 0.01 | BS99: 0.0182 | BT99: 1822.375 | BU99: 0.65 | BV99: 1.1842 | BW99: 1821.875 | BX99: 2.15 | BY99: 3.9119 | BZ99: 1819.5 | CA99: 0.16 | CB99: 0.2915 | CC99: 1821.625 | CD99: 538.4675 | CE99: 949.7221 | CF99: 1763.75 | CG99: -0.45 | CH99: -0.8206 | CI99: 1823.5 | CJ99: -0.0075 | CK99: -0.0136 | CL99: 1817.75 | CM99: 0.2375 | CN99: 0.4316 | CO99: 1817.125 | CP99: -0.0225 | CQ99: -0.041 | CR99: 1820.625 | CS99: 0.45 | CT99: 0.819 | CU99: 1820 | CV99: 0.0325 | CW99: 0.1073 | CX99: 3301.375 | CY99: 1.35 | CZ99: 5.3852 | DA99: 3989 | DB99: 29.3775 | DC99: 117.1281 | DD99: 3987 | DE99: 110.9 | DF99: 442.7405 | DG99: 3992.25 | DH99: 0.97 | DI99: 3.8698 | DJ99: 3989.5 | DK99: 10.7125 | DL99: 42.7295 | DM99: 3988.75 | DN99: 0.1675 | DO99: 0.6681 | DP99: 3988.375 | DQ99: -0.55 | DR99: -2.1931 | DS99: 3987.5 | DT99: 2.9625 | DU99: 11.8056 | DV99: 3985 | DW99: 0.4 | DX99: 1.5958 | DY99: 3989.5 | DZ99: 1.75 | EA99: 6.9825 | EB99: 3990 | EC99: 0.085 | ED99: 0.3392 | EE99: 3990.25 | EF99: 0.2375 | EG99: 0.7867 | EH99: 3312.375 | EI99: 0.425 | EJ99: 0.51 | EK99: 1200 | EL99: 0.01 | EM99: 0 | EN99: 2.5 | EO99: 0.01 | EP99: 0 | EQ99: 0.875
A100: 10.2772 | B100: 13.535 | C100: 100.1015 | D100: 7395.75 | E100: -0.025 | F100: -0.0001 | G100: 2 | H100: -0.005 | I100: 0 | J100: 3 | K100: -0.075 | L100: -0.0001 | M100: 1 | N100: 7.97 | O100: 36.7028 | P100: 4605.125 | Q100: 3.17 | R100: 5.7175 | S100: 1803.625 | T100: 9.7875 | U100: 10.3503 | V100: 1057.5 | W100: 5.3 | X100: 4.8892 | Y100: 922.5 | Z100: 2 | AA100: 1.0033 | AB100: 501.625 | AC100: 0.005 | AD100: 0 | AE100: 1.125 | AF100: 0 | AG100: 0 | AH100: 1.5 | AI100: 0.035 | AJ100: 0.0638 | AK100: 1821.625 | AL100: -0.0325 | AM100: -0.0001 | AN100: 2.625 | AO100: -0.65 | AP100: -0.0013 | AQ100: 2 | AR100: 46.6075 | AS100: 60.3159 | AT100: 1294.125 | AU100: 0.13 | AV100: 0.3889 | AW100: 2991.375 | AX100: 7.0275 | AY100: 12.6556 | AZ100: 1800.875 | BA100: 0.01 | BB100: 0.0182 | BC100: 1816.875 | BF100: 1.0425 | BG100: 1.8828 | BH100: 1806 | BI100: -0.0125 | BJ100: 0 | BK100: 2 | BL100: 3.65 | BM100: 12.8238 | BN100: 3513.375 | BO100: 0.0325 | BP100: 0.0591 | BQ100: 1819.25 | BR100: -0.0075 | BS100: -0.0137 | BT100: 1821.375 | BU100: 0.25 | BV100: 0.4551 | BW100: 1820.5 | BX100: 1.75 | BY100: 3.1837 | BZ100: 1819.25 | CA100: 0.1875 | CB100: 0.3411 | CC100: 1819 | CD100: 538.74 | CE100: 950.4047 | CF100: 1764.125 | CG100: 0.5 | CH100: 0.9113 | CI100: 1822.625 | CJ100: 0.03 | CK100: 0.0545 | CL100: 1817.375 | CM100: 0.1325 | CN100: 0.2412 | CO100: 1820.375 | CP100: 0.0025 | CQ100: 0.0046 | CR100: 1821 | CS100: 0.25 | CT100: 0.4551 | CU100: 1820.375 | CV100: 0.0325 | CW100: 0.107 | CX100: 3291 | CY100: 0.25 | CZ100: 0.997 | DA100: 3988 | DB100: 27.8625 | DC100: 111.1644 | DD100: 3989.75 | DE100: 110.9 | DF100: 442.7821 | DG100: 3992.625 | DH100: 0.975 | DI100: 3.8924 | DJ100: 3992.25 | DK100: 10.855 | DL100: 43.3047 | DM100: 3989.375 | DN100: 0.055 | DO100: 0.2195 | DP100: 3991.75 | DQ100: -0.45 | DR100: -1.7958 | DS100: 3990.75 | DT100: 2.835 | DU100: 11.3063 | DV100: 3988.125 | DW100: 0.5 | DX100: 1.9954 | DY100: 3990.75 | DZ100: 1.65 | EA100: 6.5856 | EB100: 3991.25 | EC100: 0.075 | ED100: 0.2993 | EE100: 3991.25 | EF100: 0.245 | EG100: 0.8114 | EH100: 3312 | EI100: 0.3625 | EJ100: 0.4349 | EK100: 1199.75 | EL100: 0.04 | EM100: 0.0001 | EN100: 1.375 | EO100: -0.005 | EP100: 0 | EQ100: 0.25
A101: 10.3732 | B101: 17.68 | C101: 130.7281 | D101: 7394.125 | E101: -0.0125 | F101: 0 | G101: 0.875 | H101: -0.025 | I101: 0 | J101: 0.75 | K101: -0.01 | L101: 0 | M101: 1.375 | N101: 7.905 | O101: 36.3887 | P101: 4603.25 | Q101: 3.455 | R101: 6.2324 | S101: 1803.875 | T101: 12.5175 | U101: 13.22 | V101: 1056.125 | W101: 4.05 | X101: 3.7306 | Y101: 921.125 | Z101: 1.8 | AA101: 0.9056 | AB101: 503.125 | AC101: -0.005 | AD101: 0 | AE101: 1.375 | AF101: -0.0025 | AG101: 0 | AH101: 1 | AI101: 0.02 | AJ101: 0.0365 | AK101: 1822.75 | AL101: -0.0475 | AM101: -0.0001 | AN101: 1.875 | AO101: 0.6 | AP101: 0.0008 | AQ101: 1.25 | AR101: 62.9875 | AS101: 81.3326 | AT101: 1291.25 | AU101: 0.09 | AV101: 0.2693 | AW101: 2992.125 | AX101: 8.76 | AY101: 15.7757 | AZ101: 1800.875 | BA101: 0.05 | BB101: 0.0909 | BC101: 1818.125 | BF101: 2.5725 | BG101: 4.6401 | BH101: 1803.75 | BI101: 0.0225 | BJ101: 0 | BK101: 1.75 | BL101: 3.9 | BM101: 13.6875 | BN101: 3509.625 | BO101: 0 | BP101: 0 | BQ101: 1821 | BR101: -0.0275 | BS101: -0.0501 | BT101: 1822.25 | BU101: -0.05 | BV101: -0.0909 | BW101: 1818.5 | BX101: 1.6 | BY101: 2.9114 | BZ101: 1819.625 | CA101: 0.1875 | CB101: 0.3415 | CC101: 1821.125 | CD101: 538.6425 | CE101: 950.8387 | CF101: 1765.25 | CG101: -0.1 | CH101: -0.1822 | CI101: 1822.25 | CJ101: 0.0125 | CK101: 0.0227 | CL101: 1818 | CM101: 0.115 | CN101: 0.2091 | CO101: 1818.25 | CP101: 0.0225 | CQ101: 0.041 | CR101: 1822.375 | CS101: 0.35 | CT101: 0.6374 | CU101: 1821.125 | CV101: 0.0425 | CW101: 0.1398 | CX101: 3289.625 | CY101: 1.1 | CZ101: 4.3897 | DA101: 3990.625 | DB101: 34.92 | DC101: 139.1213 | DD101: 3984 | DE101: 114.75 | DF101: 458.0533 | DG101: 3991.75 | DH101: 0.9625 | DI101: 3.8368 | DJ101: 3986.25 | DK101: 10.6825 | DL101: 42.5911 | DM101: 3987 | DN101: 0.01 | DO101: 0.0399 | DP101: 3991.125 | DQ101: 0 | DR101: 0 | DS101: 3988.125 | DT101: 2.9 | DU101: 11.5579 | DV101: 3985.5 | DW101: 0.75 | DX101: 2.9895 | DY101: 3986 | DZ101: -0.1 | EA101: -0.3991 | EB101: 3991.375 | EC101: 0.06 | ED101: 0.2394 | EE101: 3989.875 | EF101: 4.3475 | EG101: 14.4065 | EH101: 3313.75 | EI101: 0.3075 | EJ101: 0.3693 | EK101: 1201 | EL101: -0.0125 | EM101: 0 | EN101: 2.625 | EO101: 0.0275 | EP101: 0 | EQ101: 1.125
A102: 10.4692 | B102: 13.33 | C102: 98.597 | D102: 7396.625 | E102: 0.035 | F102: 0 | G102: 0.5 | H102: -0.01 | I102: 0 | J102: 2.25 | K102: -0.05 | L102: -0.0001 | M102: 1.125 | N102: 7.98 | O102: 36.7359 | P102: 4603.5 | Q102: 3.29 | R102: 5.9339 | S102: 1803.625 | T102: 10.3725 | U102: 10.9793 | V102: 1058.5 | W102: 1.6 | X102: 1.475 | Y102: 921.875 | Z102: 0.85 | AA102: 0.4271 | AB102: 502.5 | AC102: -0.0125 | AD102: 0 | AE102: 2.125 | AF102: 0.025 | AG102: 0 | AH102: 1.5 | AI102: -0.0075 | AJ102: -0.0137 | AK102: 1820.625 | AL102: -0.0025 | AM102: 0 | AN102: 1 | AO102: 0.65 | AP102: 0.0005 | AQ102: 0.75 | AR102: 50.485 | AS102: 65.1698 | AT102: 1290.875 | AU102: 0.115 | AV102: 0.3441 | AW102: 2992 | AX102: 7.075 | AY102: 12.7527 | AZ102: 1802.5 | BA102: 0.0375 | BB102: 0.0682 | BC102: 1818.75 | BF102: 1.8425 | BG102: 3.3299 | BH102: 1807.25 | BI102: -0.0175 | BJ102: 0 | BK102: 2.125 | BL102: 6.35 | BM102: 22.2702 | BN102: 3507.125 | BO102: 0.045 | BP102: 0.082 | BQ102: 1821.875 | BR102: 0.02 | BS102: 0.0364 | BT102: 1821.875 | BU102: 0.6 | BV102: 1.0911 | BW102: 1818.5 | BX102: 2.35 | BY102: 4.2773 | BZ102: 1820.125 | CA102: 0.19 | CB102: 0.346 | CC102: 1821.125 | CD102: 538.6775 | CE102: 950.4291 | CF102: 1764.375 | CG102: -0.3 | CH102: -0.5464 | CI102: 1821.25 | CJ102: 0.0225 | CK102: 0.0409 | CL102: 1818.875 | CM102: 0.2675 | CN102: 0.4867 | CO102: 1819.625 | CP102: 0.03 | CQ102: 0.0546 | CR102: 1819.375 | CS102: 0.7 | CT102: 1.2743 | CU102: 1820.5 | CV102: 0.03 | CW102: 0.0987 | CX102: 3290.5 | CY102: 1.55 | CZ102: 6.1793 | DA102: 3986.625 | DB102: 26.8625 | DC102: 107.0974 | DD102: 3986.875 | DE102: 116.85 | DF102: 466.1293 | DG102: 3989.125 | DH102: 0.9425 | DI102: 3.7593 | DJ102: 3988.625 | DK102: 10.805 | DL102: 43.1147 | DM102: 3990.25 | DN102: -0.0225 | DO102: -0.0898 | DP102: 3989.625 | DQ102: 0.1 | DR102: 0.399 | DS102: 3990.25 | DT102: 2.8325 | DU102: 11.2985 | DV102: 3988.875 | DW102: 0.65 | DX102: 2.5916 | DY102: 3987 | DZ102: 0.5 | EA102: 1.9943 | EB102: 3988.5 | EC102: 0.0525 | ED102: 0.2095 | EE102: 3990.625 | EF102: 1.0725 | EG102: 3.5512 | EH102: 3311.125 | EI102: 0.3175 | EJ102: 0.3806 | EK102: 1198.75 | EL102: 0 | EM102: 0 | EN102: 0.5 | EO102: -0.005 | EP102: 0 | EQ102: 2.25
...

Sheet SPM表
A1: 模块 | B1: 输入网络 | C1: 输出网络
A2: PMIC | B2: VIO18_PMU_6319_P | C2: VIO18_PMU_6319_N
A3: MT6720 | B3: VSYS_CHG_P | C3: VSYS_CHG_N
A4: BOB | B4: VBB1_BOB_P | C4: VBB1_BOB_N
A5: SPK | B5: VSYS_SPK_P | C5: VSYS_SPK_N
A6: DDR | B6: EMI_VDDQ_DDR_P | C6: EMI_VDDQ_DDR_N
A7: DDR | B7: EMI_VDD2L_DDR_P | C7: EMI_VDD2L_DDR_N
A8: DDR | B8: EMI_VDD1_DDR_P | C8: EMI_VDD1_DDR_N
A9: UFS | B9: UFS_VCC_2V5_UFS_P | C9: UFS_VCC_2V5_UFS_N
A10: UFS | B10: VUFS12_PMU_P | C10: VUFS12_PMU_N
A11: MT6685 | B11: VIO18_PMU_6685_P | C11: VIO18_PMU_6685_N
A12: MT6685 | B12: VSYS_6685_P | C12: VSYS_6685_N
... A147: WCN | B147: AVDD33_WBT_WCN_P | C147: AVDD33_WBT_WCN_N
